state_code,year,month,value
AL,2015,12,6.1
AL,2015,11,6.1
AL,2015,10,6.1
AL,2015,9,6.1
AL,2015,8,6.2
AL,2015,7,6.2
AL,2015,6,6.2
AL,2015,5,6.1
AL,2015,4,6.1
AL,2015,3,6.1
AL,2015,2,6.1
AL,2015,1,6.1
AL,2014,12,6.2
AL,2014,11,6.3
AL,2014,10,6.4
AL,2014,9,6.5
AL,2014,8,6.6
AL,2014,7,6.7
AL,2014,6,6.8
AL,2014,5,6.9
AL,2014,4,7.0
AL,2014,3,7.1
AL,2014,2,7.1
AL,2014,1,7.2
AL,2013,12,7.2
AL,2013,11,7.2
AL,2013,10,7.2
AL,2013,9,7.2
AL,2013,8,7.2
AL,2013,7,7.2
AL,2013,6,7.3
AL,2013,5,7.3
AL,2013,4,7.4
AL,2013,3,7.5
AL,2013,2,7.6
AL,2013,1,7.6
AL,2012,12,7.7
AL,2012,11,7.8
AL,2012,10,7.8
AL,2012,9,7.9
AL,2012,8,8.1
AL,2012,7,8.2
AL,2012,6,8.3
AL,2012,5,8.4
AL,2012,4,8.4
AL,2012,3,8.4
AL,2012,2,8.4
AL,2012,1,8.5
AL,2011,12,8.7
AL,2011,11,8.9
AL,2011,10,9.2
AL,2011,9,9.4
AL,2011,8,9.6
AL,2011,7,9.7
AL,2011,6,9.8
AL,2011,5,9.8
AL,2011,4,9.9
AL,2011,3,9.9
AL,2011,2,10.0
AL,2011,1,10.1
AL,2010,12,10.1
AL,2010,11,10.2
AL,2010,10,10.1
AL,2010,9,10.1
AL,2010,8,10.0
AL,2010,7,10.1
AL,2010,6,10.1
AL,2010,5,10.3
AL,2010,4,10.5
AL,2010,3,10.9
AL,2010,2,11.0
AL,2010,1,11.1
AL,2009,12,11.1
AL,2009,11,11.0
AL,2009,10,10.9
AL,2009,9,10.8
AL,2009,8,10.6
AL,2009,7,10.4
AL,2009,6,10.2
AL,2009,5,9.9
AL,2009,4,9.6
AL,2009,3,9.3
AL,2009,2,8.8
AL,2009,1,8.4
AL,2008,12,7.8
AL,2008,11,7.3
AL,2008,10,6.9
AL,2008,9,6.5
AL,2008,8,6.1
AL,2008,7,5.9
AL,2008,6,5.6
AL,2008,5,5.3
AL,2008,4,5.1
AL,2008,3,4.9
AL,2008,2,4.7
AL,2008,1,4.5
AL,2007,12,4.4
AL,2007,11,4.3
AL,2007,10,4.2
AL,2007,9,4.2
AL,2007,8,4.1
AL,2007,7,4.0
AL,2007,6,4.0
AL,2007,5,3.9
AL,2007,4,3.9
AL,2007,3,3.9
AL,2007,2,3.8
AL,2007,1,3.8
AK,2015,12,6.4
AK,2015,11,6.3
AK,2015,10,6.3
AK,2015,9,6.2
AK,2015,8,6.2
AK,2015,7,6.2
AK,2015,6,6.3
AK,2015,5,6.3
AK,2015,4,6.3
AK,2015,3,6.3
AK,2015,2,6.3
AK,2015,1,6.2
AK,2014,12,6.3
AK,2014,11,6.4
AK,2014,10,6.5
AK,2014,9,6.7
AK,2014,8,6.8
AK,2014,7,6.8
AK,2014,6,6.9
AK,2014,5,6.9
AK,2014,4,6.9
AK,2014,3,6.9
AK,2014,2,6.9
AK,2014,1,6.9
AK,2013,12,6.9
AK,2013,11,6.9
AK,2013,10,7.0
AK,2013,9,7.0
AK,2013,8,7.0
AK,2013,7,7.0
AK,2013,6,7.0
AK,2013,5,7.0
AK,2013,4,7.0
AK,2013,3,7.0
AK,2013,2,7.0
AK,2013,1,7.1
AK,2012,12,7.1
AK,2012,11,7.1
AK,2012,10,7.1
AK,2012,9,7.1
AK,2012,8,7.2
AK,2012,7,7.2
AK,2012,6,7.3
AK,2012,5,7.3
AK,2012,4,7.3
AK,2012,3,7.4
AK,2012,2,7.4
AK,2012,1,7.5
AK,2011,12,7.5
AK,2011,11,7.6
AK,2011,10,7.7
AK,2011,9,7.7
AK,2011,8,7.7
AK,2011,7,7.7
AK,2011,6,7.7
AK,2011,5,7.7
AK,2011,4,7.8
AK,2011,3,7.8
AK,2011,2,7.9
AK,2011,1,8.0
AK,2010,12,8.0
AK,2010,11,8.1
AK,2010,10,8.0
AK,2010,9,8.0
AK,2010,8,7.9
AK,2010,7,7.9
AK,2010,6,8.0
AK,2010,5,8.2
AK,2010,4,8.3
AK,2010,3,8.4
AK,2010,2,8.4
AK,2010,1,8.4
AK,2009,12,8.4
AK,2009,11,8.3
AK,2009,10,8.3
AK,2009,9,8.2
AK,2009,8,8.2
AK,2009,7,8.1
AK,2009,6,8.1
AK,2009,5,8.0
AK,2009,4,7.9
AK,2009,3,7.7
AK,2009,2,7.4
AK,2009,1,7.2
AK,2008,12,6.9
AK,2008,11,6.7
AK,2008,10,6.6
AK,2008,9,6.6
AK,2008,8,6.5
AK,2008,7,6.5
AK,2008,6,6.5
AK,2008,5,6.4
AK,2008,4,6.3
AK,2008,3,6.3
AK,2008,2,6.2
AK,2008,1,6.2
AK,2007,12,6.2
AK,2007,11,6.3
AK,2007,10,6.3
AK,2007,9,6.3
AK,2007,8,6.3
AK,2007,7,6.3
AK,2007,6,6.3
AK,2007,5,6.2
AK,2007,4,6.2
AK,2007,3,6.2
AK,2007,2,6.2
AK,2007,1,6.3
AZ,2015,12,5.8
AZ,2015,11,5.8
AZ,2015,10,5.9
AZ,2015,9,6.0
AZ,2015,8,6.0
AZ,2015,7,6.1
AZ,2015,6,6.1
AZ,2015,5,6.1
AZ,2015,4,6.2
AZ,2015,3,6.2
AZ,2015,2,6.3
AZ,2015,1,6.4
AZ,2014,12,6.4
AZ,2014,11,6.5
AZ,2014,10,6.6
AZ,2014,9,6.7
AZ,2014,8,6.7
AZ,2014,7,6.7
AZ,2014,6,6.8
AZ,2014,5,6.9
AZ,2014,4,6.9
AZ,2014,3,7.0
AZ,2014,2,7.1
AZ,2014,1,7.2
AZ,2013,12,7.4
AZ,2013,11,7.5
AZ,2013,10,7.6
AZ,2013,9,7.7
AZ,2013,8,7.8
AZ,2013,7,7.8
AZ,2013,6,7.9
AZ,2013,5,7.9
AZ,2013,4,8.0
AZ,2013,3,8.0
AZ,2013,2,8.1
AZ,2013,1,8.1
AZ,2012,12,8.1
AZ,2012,11,8.1
AZ,2012,10,8.1
AZ,2012,9,8.1
AZ,2012,8,8.2
AZ,2012,7,8.3
AZ,2012,6,8.4
AZ,2012,5,8.5
AZ,2012,4,8.5
AZ,2012,3,8.6
AZ,2012,2,8.6
AZ,2012,1,8.7
AZ,2011,12,8.8
AZ,2011,11,9.0
AZ,2011,10,9.1
AZ,2011,9,9.3
AZ,2011,8,9.4
AZ,2011,7,9.5
AZ,2011,6,9.6
AZ,2011,5,9.6
AZ,2011,4,9.6
AZ,2011,3,9.7
AZ,2011,2,9.8
AZ,2011,1,9.8
AZ,2010,12,10.0
AZ,2010,11,10.0
AZ,2010,10,10.1
AZ,2010,9,10.1
AZ,2010,8,10.2
AZ,2010,7,10.2
AZ,2010,6,10.3
AZ,2010,5,10.4
AZ,2010,4,10.5
AZ,2010,3,10.6
AZ,2010,2,10.6
AZ,2010,1,10.6
AZ,2009,12,10.6
AZ,2009,11,10.5
AZ,2009,10,10.4
AZ,2009,9,10.3
AZ,2009,8,10.1
AZ,2009,7,10.0
AZ,2009,6,9.7
AZ,2009,5,9.5
AZ,2009,4,9.2
AZ,2009,3,8.9
AZ,2009,2,8.6
AZ,2009,1,8.2
AZ,2008,12,7.7
AZ,2008,11,7.3
AZ,2008,10,6.9
AZ,2008,9,6.6
AZ,2008,8,6.2
AZ,2008,7,5.9
AZ,2008,6,5.5
AZ,2008,5,5.2
AZ,2008,4,4.9
AZ,2008,3,4.6
AZ,2008,2,4.4
AZ,2008,1,4.3
AZ,2007,12,4.1
AZ,2007,11,4.0
AZ,2007,10,3.8
AZ,2007,9,3.7
AZ,2007,8,3.5
AZ,2007,7,3.5
AZ,2007,6,3.5
AZ,2007,5,3.6
AZ,2007,4,3.7
AZ,2007,3,3.8
AZ,2007,2,3.9
AZ,2007,1,3.9
AR,2015,12,4.3
AR,2015,11,4.4
AR,2015,10,4.5
AR,2015,9,4.6
AR,2015,8,4.8
AR,2015,7,4.9
AR,2015,6,5.1
AR,2015,5,5.2
AR,2015,4,5.3
AR,2015,3,5.4
AR,2015,2,5.4
AR,2015,1,5.5
AR,2014,12,5.5
AR,2014,11,5.6
AR,2014,10,5.6
AR,2014,9,5.7
AR,2014,8,5.7
AR,2014,7,5.8
AR,2014,6,5.9
AR,2014,5,6.0
AR,2014,4,6.0
AR,2014,3,6.2
AR,2014,2,6.3
AR,2014,1,6.5
AR,2013,12,6.6
AR,2013,11,6.7
AR,2013,10,6.9
AR,2013,9,7.0
AR,2013,8,7.1
AR,2013,7,7.1
AR,2013,6,7.1
AR,2013,5,7.2
AR,2013,4,7.2
AR,2013,3,7.2
AR,2013,2,7.2
AR,2013,1,7.2
AR,2012,12,7.2
AR,2012,11,7.2
AR,2012,10,7.2
AR,2012,9,7.2
AR,2012,8,7.2
AR,2012,7,7.3
AR,2012,6,7.3
AR,2012,5,7.3
AR,2012,4,7.3
AR,2012,3,7.3
AR,2012,2,7.3
AR,2012,1,7.4
AR,2011,12,7.5
AR,2011,11,7.7
AR,2011,10,7.8
AR,2011,9,7.9
AR,2011,8,8.0
AR,2011,7,8.0
AR,2011,6,8.0
AR,2011,5,8.0
AR,2011,4,8.0
AR,2011,3,8.0
AR,2011,2,8.0
AR,2011,1,8.0
AR,2010,12,8.0
AR,2010,11,8.0
AR,2010,10,7.9
AR,2010,9,7.9
AR,2010,8,7.8
AR,2010,7,7.7
AR,2010,6,7.7
AR,2010,5,7.8
AR,2010,4,7.8
AR,2010,3,7.9
AR,2010,2,7.9
AR,2010,1,7.9
AR,2009,12,7.9
AR,2009,11,7.9
AR,2009,10,7.8
AR,2009,9,7.8
AR,2009,8,7.8
AR,2009,7,7.9
AR,2009,6,7.9
AR,2009,5,7.9
AR,2009,4,7.8
AR,2009,3,7.6
AR,2009,2,7.4
AR,2009,1,7.0
AR,2008,12,6.7
AR,2008,11,6.3
AR,2008,10,5.9
AR,2008,9,5.6
AR,2008,8,5.4
AR,2008,7,5.3
AR,2008,6,5.1
AR,2008,5,5.0
AR,2008,4,5.0
AR,2008,3,4.9
AR,2008,2,5.0
AR,2008,1,5.1
AR,2007,12,5.2
AR,2007,11,5.4
AR,2007,10,5.5
AR,2007,9,5.5
AR,2007,8,5.5
AR,2007,7,5.5
AR,2007,6,5.5
AR,2007,5,5.4
AR,2007,4,5.3
AR,2007,3,5.3
AR,2007,2,5.3
AR,2007,1,5.3
CA,2015,12,5.7
CA,2015,11,5.8
CA,2015,10,5.8
CA,2015,9,5.9
CA,2015,8,6.0
CA,2015,7,6.2
CA,2015,6,6.3
CA,2015,5,6.4
CA,2015,4,6.5
CA,2015,3,6.6
CA,2015,2,6.7
CA,2015,1,6.8
CA,2014,12,6.9
CA,2014,11,7.1
CA,2014,10,7.2
CA,2014,9,7.3
CA,2014,8,7.4
CA,2014,7,7.5
CA,2014,6,7.6
CA,2014,5,7.7
CA,2014,4,7.8
CA,2014,3,8.0
CA,2014,2,8.1
CA,2014,1,8.2
CA,2013,12,8.4
CA,2013,11,8.5
CA,2013,10,8.6
CA,2013,9,8.8
CA,2013,8,8.9
CA,2013,7,9.0
CA,2013,6,9.1
CA,2013,5,9.2
CA,2013,4,9.3
CA,2013,3,9.4
CA,2013,2,9.5
CA,2013,1,9.7
CA,2012,12,9.8
CA,2012,11,9.9
CA,2012,10,10.0
CA,2012,9,10.2
CA,2012,8,10.3
CA,2012,7,10.5
CA,2012,6,10.7
CA,2012,5,10.8
CA,2012,4,10.9
CA,2012,3,11.0
CA,2012,2,11.0
CA,2012,1,11.2
CA,2011,12,11.3
CA,2011,11,11.5
CA,2011,10,11.6
CA,2011,9,11.8
CA,2011,8,11.9
CA,2011,7,12.0
CA,2011,6,12.0
CA,2011,5,12.0
CA,2011,4,12.0
CA,2011,3,12.1
CA,2011,2,12.2
CA,2011,1,12.3
CA,2010,12,12.4
CA,2010,11,12.4
CA,2010,10,12.4
CA,2010,9,12.4
CA,2010,8,12.4
CA,2010,7,12.3
CA,2010,6,12.4
CA,2010,5,12.5
CA,2010,4,12.5
CA,2010,3,12.6
CA,2010,2,12.6
CA,2010,1,12.6
CA,2009,12,12.5
CA,2009,11,12.4
CA,2009,10,12.3
CA,2009,9,12.1
CA,2009,8,12.0
CA,2009,7,11.8
CA,2009,6,11.7
CA,2009,5,11.4
CA,2009,4,11.2
CA,2009,3,10.8
CA,2009,2,10.4
CA,2009,1,9.9
CA,2008,12,9.3
CA,2008,11,8.8
CA,2008,10,8.4
CA,2008,9,8.0
CA,2008,8,7.6
CA,2008,7,7.3
CA,2008,6,7.0
CA,2008,5,6.7
CA,2008,4,6.4
CA,2008,3,6.2
CA,2008,2,6.0
CA,2008,1,5.9
CA,2007,12,5.8
CA,2007,11,5.7
CA,2007,10,5.7
CA,2007,9,5.5
CA,2007,8,5.4
CA,2007,7,5.3
CA,2007,6,5.2
CA,2007,5,5.1
CA,2007,4,5.1
CA,2007,3,5.0
CA,2007,2,5.0
CA,2007,1,4.9
CO,2015,12,3.3
CO,2015,11,3.4
CO,2015,10,3.4
CO,2015,9,3.5
CO,2015,8,3.6
CO,2015,7,3.7
CO,2015,6,3.8
CO,2015,5,3.9
CO,2015,4,4.0
CO,2015,3,4.1
CO,2015,2,4.1
CO,2015,1,4.1
CO,2014,12,4.2
CO,2014,11,4.3
CO,2014,10,4.4
CO,2014,9,4.5
CO,2014,8,4.6
CO,2014,7,4.8
CO,2014,6,5.0
CO,2014,5,5.2
CO,2014,4,5.4
CO,2014,3,5.6
CO,2014,2,5.8
CO,2014,1,6.0
CO,2013,12,6.1
CO,2013,11,6.2
CO,2013,10,6.4
CO,2013,9,6.5
CO,2013,8,6.7
CO,2013,7,6.8
CO,2013,6,6.8
CO,2013,5,6.9
CO,2013,4,7.0
CO,2013,3,7.1
CO,2013,2,7.2
CO,2013,1,7.3
CO,2012,12,7.4
CO,2012,11,7.5
CO,2012,10,7.6
CO,2012,9,7.8
CO,2012,8,7.9
CO,2012,7,8.1
CO,2012,6,8.2
CO,2012,5,8.2
CO,2012,4,8.3
CO,2012,3,8.3
CO,2012,2,8.3
CO,2012,1,8.4
CO,2011,12,8.4
CO,2011,11,8.5
CO,2011,10,8.6
CO,2011,9,8.6
CO,2011,8,8.6
CO,2011,7,8.7
CO,2011,6,8.7
CO,2011,5,8.7
CO,2011,4,8.7
CO,2011,3,8.8
CO,2011,2,8.9
CO,2011,1,9.1
CO,2010,12,9.3
CO,2010,11,9.4
CO,2010,10,9.4
CO,2010,9,9.3
CO,2010,8,9.2
CO,2010,7,9.1
CO,2010,6,9.0
CO,2010,5,9.0
CO,2010,4,9.1
CO,2010,3,9.1
CO,2010,2,9.0
CO,2010,1,8.8
CO,2009,12,8.6
CO,2009,11,8.4
CO,2009,10,8.3
CO,2009,9,8.2
CO,2009,8,8.1
CO,2009,7,8.1
CO,2009,6,8.1
CO,2009,5,8.0
CO,2009,4,7.7
CO,2009,3,7.4
CO,2009,2,7.0
CO,2009,1,6.6
CO,2008,12,6.1
CO,2008,11,5.7
CO,2008,10,5.4
CO,2008,9,5.2
CO,2008,8,5.0
CO,2008,7,4.8
CO,2008,6,4.7
CO,2008,5,4.5
CO,2008,4,4.4
CO,2008,3,4.3
CO,2008,2,4.2
CO,2008,1,4.2
CO,2007,12,4.1
CO,2007,11,4.1
CO,2007,10,4.0
CO,2007,9,3.9
CO,2007,8,3.7
CO,2007,7,3.6
CO,2007,6,3.5
CO,2007,5,3.4
CO,2007,4,3.4
CO,2007,3,3.5
CO,2007,2,3.5
CO,2007,1,3.7
CT,2015,12,5.3
CT,2015,11,5.4
CT,2015,10,5.4
CT,2015,9,5.4
CT,2015,8,5.5
CT,2015,7,5.6
CT,2015,6,5.6
CT,2015,5,5.7
CT,2015,4,5.8
CT,2015,3,5.8
CT,2015,2,5.9
CT,2015,1,6.0
CT,2014,12,6.1
CT,2014,11,6.2
CT,2014,10,6.3
CT,2014,9,6.4
CT,2014,8,6.5
CT,2014,7,6.6
CT,2014,6,6.6
CT,2014,5,6.7
CT,2014,4,6.8
CT,2014,3,6.9
CT,2014,2,7.1
CT,2014,1,7.2
CT,2013,12,7.4
CT,2013,11,7.5
CT,2013,10,7.6
CT,2013,9,7.8
CT,2013,8,7.9
CT,2013,7,8.0
CT,2013,6,8.1
CT,2013,5,8.1
CT,2013,4,8.2
CT,2013,3,8.2
CT,2013,2,8.3
CT,2013,1,8.3
CT,2012,12,8.3
CT,2012,11,8.3
CT,2012,10,8.3
CT,2012,9,8.4
CT,2012,8,8.4
CT,2012,7,8.4
CT,2012,6,8.4
CT,2012,5,8.4
CT,2012,4,8.4
CT,2012,3,8.3
CT,2012,2,8.3
CT,2012,1,8.4
CT,2011,12,8.5
CT,2011,11,8.6
CT,2011,10,8.7
CT,2011,9,8.8
CT,2011,8,9.0
CT,2011,7,9.0
CT,2011,6,9.1
CT,2011,5,9.2
CT,2011,4,9.2
CT,2011,3,9.3
CT,2011,2,9.4
CT,2011,1,9.4
CT,2010,12,9.5
CT,2010,11,9.6
CT,2010,10,9.6
CT,2010,9,9.5
CT,2010,8,9.5
CT,2010,7,9.5
CT,2010,6,9.5
CT,2010,5,9.6
CT,2010,4,9.6
CT,2010,3,9.7
CT,2010,2,9.6
CT,2010,1,9.5
CT,2009,12,9.4
CT,2009,11,9.2
CT,2009,10,9.0
CT,2009,9,8.8
CT,2009,8,8.6
CT,2009,7,8.4
CT,2009,6,8.3
CT,2009,5,8.1
CT,2009,4,7.9
CT,2009,3,7.7
CT,2009,2,7.4
CT,2009,1,7.1
CT,2008,12,6.8
CT,2008,11,6.5
CT,2008,10,6.3
CT,2008,9,6.0
CT,2008,8,5.9
CT,2008,7,5.7
CT,2008,6,5.5
CT,2008,5,5.3
CT,2008,4,5.1
CT,2008,3,5.0
CT,2008,2,4.9
CT,2008,1,4.8
CT,2007,12,4.7
CT,2007,11,4.7
CT,2007,10,4.6
CT,2007,9,4.6
CT,2007,8,4.5
CT,2007,7,4.4
CT,2007,6,4.4
CT,2007,5,4.3
CT,2007,4,4.3
CT,2007,3,4.3
CT,2007,2,4.3
CT,2007,1,4.3
DE,2015,12,4.6
DE,2015,11,4.6
DE,2015,10,4.7
DE,2015,9,4.7
DE,2015,8,4.7
DE,2015,7,4.8
DE,2015,6,4.8
DE,2015,5,4.9
DE,2015,4,4.9
DE,2015,3,4.9
DE,2015,2,4.9
DE,2015,1,5.0
DE,2014,12,5.1
DE,2014,11,5.2
DE,2014,10,5.3
DE,2014,9,5.4
DE,2014,8,5.5
DE,2014,7,5.6
DE,2014,6,5.7
DE,2014,5,5.8
DE,2014,4,5.8
DE,2014,3,5.9
DE,2014,2,6.0
DE,2014,1,6.0
DE,2013,12,6.1
DE,2013,11,6.1
DE,2013,10,6.2
DE,2013,9,6.3
DE,2013,8,6.5
DE,2013,7,6.6
DE,2013,6,6.7
DE,2013,5,6.8
DE,2013,4,6.9
DE,2013,3,7.0
DE,2013,2,7.0
DE,2013,1,7.1
DE,2012,12,7.1
DE,2012,11,7.1
DE,2012,10,7.1
DE,2012,9,7.1
DE,2012,8,7.1
DE,2012,7,7.1
DE,2012,6,7.1
DE,2012,5,7.1
DE,2012,4,7.0
DE,2012,3,7.0
DE,2012,2,7.0
DE,2012,1,7.0
DE,2011,12,7.1
DE,2011,11,7.2
DE,2011,10,7.4
DE,2011,9,7.5
DE,2011,8,7.6
DE,2011,7,7.6
DE,2011,6,7.7
DE,2011,5,7.7
DE,2011,4,7.7
DE,2011,3,7.8
DE,2011,2,7.9
DE,2011,1,8.1
DE,2010,12,8.2
DE,2010,11,8.4
DE,2010,10,8.5
DE,2010,9,8.5
DE,2010,8,8.5
DE,2010,7,8.6
DE,2010,6,8.6
DE,2010,5,8.7
DE,2010,4,8.8
DE,2010,3,9.0
DE,2010,2,9.0
DE,2010,1,9.1
DE,2009,12,9.0
DE,2009,11,8.9
DE,2009,10,8.8
DE,2009,9,8.7
DE,2009,8,8.6
DE,2009,7,8.5
DE,2009,6,8.4
DE,2009,5,8.3
DE,2009,4,8.2
DE,2009,3,7.9
DE,2009,2,7.6
DE,2009,1,7.2
DE,2008,12,6.8
DE,2008,11,6.3
DE,2008,10,6.0
DE,2008,9,5.6
DE,2008,8,5.3
DE,2008,7,5.0
DE,2008,6,4.7
DE,2008,5,4.5
DE,2008,4,4.2
DE,2008,3,4.1
DE,2008,2,4.0
DE,2008,1,3.9
DE,2007,12,3.8
DE,2007,11,3.7
DE,2007,10,3.7
DE,2007,9,3.6
DE,2007,8,3.5
DE,2007,7,3.5
DE,2007,6,3.5
DE,2007,5,3.6
DE,2007,4,3.6
DE,2007,3,3.6
DE,2007,2,3.6
DE,2007,1,3.6
FL,2015,12,5.1
FL,2015,11,5.2
FL,2015,10,5.3
FL,2015,9,5.3
FL,2015,8,5.4
FL,2015,7,5.5
FL,2015,6,5.6
FL,2015,5,5.7
FL,2015,4,5.7
FL,2015,3,5.8
FL,2015,2,5.8
FL,2015,1,5.9
FL,2014,12,6.0
FL,2014,11,6.0
FL,2014,10,6.1
FL,2014,9,6.2
FL,2014,8,6.3
FL,2014,7,6.4
FL,2014,6,6.5
FL,2014,5,6.6
FL,2014,4,6.7
FL,2014,3,6.7
FL,2014,2,6.8
FL,2014,1,6.9
FL,2013,12,7.0
FL,2013,11,7.1
FL,2013,10,7.2
FL,2013,9,7.3
FL,2013,8,7.4
FL,2013,7,7.5
FL,2013,6,7.6
FL,2013,5,7.6
FL,2013,4,7.8
FL,2013,3,7.9
FL,2013,2,8.0
FL,2013,1,8.0
FL,2012,12,8.1
FL,2012,11,8.2
FL,2012,10,8.3
FL,2012,9,8.4
FL,2012,8,8.5
FL,2012,7,8.6
FL,2012,6,8.8
FL,2012,5,8.9
FL,2012,4,8.9
FL,2012,3,9.0
FL,2012,2,9.1
FL,2012,1,9.2
FL,2011,12,9.3
FL,2011,11,9.4
FL,2011,10,9.6
FL,2011,9,9.7
FL,2011,8,9.9
FL,2011,7,10.0
FL,2011,6,10.1
FL,2011,5,10.2
FL,2011,4,10.3
FL,2011,3,10.4
FL,2011,2,10.5
FL,2011,1,10.6
FL,2010,12,10.7
FL,2010,11,10.8
FL,2010,10,10.8
FL,2010,9,10.8
FL,2010,8,10.8
FL,2010,7,10.8
FL,2010,6,10.8
FL,2010,5,10.8
FL,2010,4,10.9
FL,2010,3,10.9
FL,2010,2,10.9
FL,2010,1,10.9
FL,2009,12,10.8
FL,2009,11,10.7
FL,2009,10,10.5
FL,2009,9,10.3
FL,2009,8,10.1
FL,2009,7,9.9
FL,2009,6,9.7
FL,2009,5,9.4
FL,2009,4,8.8
FL,2009,3,8.5
FL,2009,2,8.2
FL,2009,1,7.8
FL,2008,12,7.4
FL,2008,11,7.1
FL,2008,10,6.7
FL,2008,9,6.4
FL,2008,8,6.1
FL,2008,7,5.8
FL,2008,6,5.5
FL,2008,5,5.2
FL,2008,4,4.9
FL,2008,3,4.6
FL,2008,2,4.4
FL,2008,1,4.2
FL,2007,12,4.0
FL,2007,11,3.9
FL,2007,10,3.7
FL,2007,9,3.6
FL,2007,8,3.4
FL,2007,7,3.3
FL,2007,6,3.2
FL,2007,5,3.1
FL,2007,4,3.0
FL,2007,3,2.9
FL,2007,2,2.8
FL,2007,1,2.7
GA,2015,12,5.7
GA,2015,11,5.8
GA,2015,10,5.8
GA,2015,9,5.9
GA,2015,8,5.9
GA,2015,7,6.0
GA,2015,6,6.1
GA,2015,5,6.2
GA,2015,4,6.3
GA,2015,3,6.3
GA,2015,2,6.4
GA,2015,1,6.5
GA,2014,12,6.6
GA,2014,11,6.7
GA,2014,10,6.8
GA,2014,9,7.0
GA,2014,8,7.1
GA,2014,7,7.2
GA,2014,6,7.3
GA,2014,5,7.3
GA,2014,4,7.4
GA,2014,3,7.4
GA,2014,2,7.4
GA,2014,1,7.5
GA,2013,12,7.6
GA,2013,11,7.7
GA,2013,10,7.8
GA,2013,9,7.9
GA,2013,8,8.0
GA,2013,7,8.1
GA,2013,6,8.2
GA,2013,5,8.3
GA,2013,4,8.4
GA,2013,3,8.5
GA,2013,2,8.6
GA,2013,1,8.6
GA,2012,12,8.6
GA,2012,11,8.7
GA,2012,10,8.7
GA,2012,9,8.8
GA,2012,8,8.9
GA,2012,7,9.0
GA,2012,6,9.1
GA,2012,5,9.2
GA,2012,4,9.3
GA,2012,3,9.3
GA,2012,2,9.4
GA,2012,1,9.5
GA,2011,12,9.6
GA,2011,11,9.8
GA,2011,10,9.9
GA,2011,9,10.1
GA,2011,8,10.2
GA,2011,7,10.2
GA,2011,6,10.3
GA,2011,5,10.3
GA,2011,4,10.3
GA,2011,3,10.3
GA,2011,2,10.4
GA,2011,1,10.5
GA,2010,12,10.6
GA,2010,11,10.7
GA,2010,10,10.7
GA,2010,9,10.6
GA,2010,8,10.6
GA,2010,7,10.5
GA,2010,6,10.5
GA,2010,5,10.6
GA,2010,4,10.7
GA,2010,3,10.8
GA,2010,2,10.8
GA,2010,1,10.8
GA,2009,12,10.8
GA,2009,11,10.9
GA,2009,10,10.9
GA,2009,9,10.8
GA,2009,8,10.8
GA,2009,7,10.7
GA,2009,6,10.6
GA,2009,5,10.4
GA,2009,4,10.2
GA,2009,3,10.0
GA,2009,2,9.6
GA,2009,1,9.2
GA,2008,12,8.8
GA,2008,11,8.3
GA,2008,10,7.9
GA,2008,9,7.4
GA,2008,8,6.9
GA,2008,7,6.6
GA,2008,6,6.4
GA,2008,5,6.2
GA,2008,4,6.0
GA,2008,3,5.8
GA,2008,2,5.6
GA,2008,1,5.5
GA,2007,12,5.3
GA,2007,11,5.2
GA,2007,10,5.1
GA,2007,9,5.0
GA,2007,8,4.9
GA,2007,7,4.9
GA,2007,6,4.8
GA,2007,5,4.8
GA,2007,4,4.7
GA,2007,3,4.7
GA,2007,2,4.7
GA,2007,1,4.8
HI,2015,12,3.1
HI,2015,11,3.1
HI,2015,10,3.2
HI,2015,9,3.2
HI,2015,8,3.3
HI,2015,7,3.3
HI,2015,6,3.4
HI,2015,5,3.5
HI,2015,4,3.6
HI,2015,3,3.7
HI,2015,2,3.8
HI,2015,1,3.8
HI,2014,12,3.9
HI,2014,11,3.9
HI,2014,10,4.0
HI,2014,9,4.1
HI,2014,8,4.1
HI,2014,7,4.2
HI,2014,6,4.3
HI,2014,5,4.4
HI,2014,4,4.4
HI,2014,3,4.4
HI,2014,2,4.5
HI,2014,1,4.6
HI,2013,12,4.6
HI,2013,11,4.7
HI,2013,10,4.7
HI,2013,9,4.7
HI,2013,8,4.7
HI,2013,7,4.7
HI,2013,6,4.7
HI,2013,5,4.7
HI,2013,4,4.8
HI,2013,3,4.9
HI,2013,2,4.9
HI,2013,1,5.0
HI,2012,12,5.1
HI,2012,11,5.2
HI,2012,10,5.3
HI,2012,9,5.5
HI,2012,8,5.7
HI,2012,7,5.9
HI,2012,6,6.1
HI,2012,5,6.2
HI,2012,4,6.3
HI,2012,3,6.4
HI,2012,2,6.5
HI,2012,1,6.6
HI,2011,12,6.7
HI,2011,11,6.8
HI,2011,10,6.9
HI,2011,9,7.0
HI,2011,8,7.0
HI,2011,7,7.0
HI,2011,6,6.9
HI,2011,5,6.8
HI,2011,4,6.7
HI,2011,3,6.7
HI,2011,2,6.7
HI,2011,1,6.8
HI,2010,12,6.8
HI,2010,11,6.8
HI,2010,10,6.8
HI,2010,9,6.8
HI,2010,8,6.8
HI,2010,7,6.8
HI,2010,6,6.8
HI,2010,5,6.8
HI,2010,4,6.8
HI,2010,3,6.9
HI,2010,2,6.9
HI,2010,1,6.9
HI,2009,12,6.9
HI,2009,11,6.9
HI,2009,10,6.9
HI,2009,9,6.9
HI,2009,8,6.8
HI,2009,7,6.8
HI,2009,6,6.8
HI,2009,5,6.7
HI,2009,4,6.6
HI,2009,3,6.5
HI,2009,2,6.2
HI,2009,1,5.9
HI,2008,12,5.5
HI,2008,11,5.1
HI,2008,10,4.8
HI,2008,9,4.5
HI,2008,8,4.3
HI,2008,7,4.0
HI,2008,6,3.8
HI,2008,5,3.6
HI,2008,4,3.4
HI,2008,3,3.2
HI,2008,2,3.1
HI,2008,1,3.1
HI,2007,12,3.1
HI,2007,11,3.0
HI,2007,10,3.0
HI,2007,9,2.9
HI,2007,8,2.8
HI,2007,7,2.7
HI,2007,6,2.7
HI,2007,5,2.6
HI,2007,4,2.6
HI,2007,3,2.5
HI,2007,2,2.4
HI,2007,1,2.4
ID,2015,12,3.8
ID,2015,11,3.8
ID,2015,10,3.8
ID,2015,9,3.9
ID,2015,8,3.9
ID,2015,7,3.9
ID,2015,6,3.9
ID,2015,5,3.9
ID,2015,4,3.9
ID,2015,3,3.9
ID,2015,2,3.9
ID,2015,1,3.8
ID,2014,12,3.9
ID,2014,11,3.9
ID,2014,10,4.0
ID,2014,9,4.0
ID,2014,8,4.0
ID,2014,7,4.0
ID,2014,6,4.0
ID,2014,5,4.5
ID,2014,4,4.6
ID,2014,3,4.9
ID,2014,2,5.2
ID,2014,1,5.6
ID,2013,12,6.0
ID,2013,11,6.4
ID,2013,10,6.8
ID,2013,9,6.9
ID,2013,8,6.9
ID,2013,7,6.9
ID,2013,6,6.9
ID,2013,5,7.0
ID,2013,4,7.0
ID,2013,3,7.0
ID,2013,2,7.0
ID,2013,1,7.0
ID,2012,12,7.1
ID,2012,11,7.1
ID,2012,10,7.2
ID,2012,9,7.2
ID,2012,8,7.3
ID,2012,7,7.4
ID,2012,6,7.5
ID,2012,5,7.5
ID,2012,4,7.6
ID,2012,3,7.6
ID,2012,2,7.6
ID,2012,1,7.7
ID,2011,12,7.7
ID,2011,11,7.8
ID,2011,10,7.9
ID,2011,9,8.0
ID,2011,8,8.1
ID,2011,7,8.2
ID,2011,6,8.3
ID,2011,5,8.3
ID,2011,4,8.4
ID,2011,3,8.4
ID,2011,2,8.4
ID,2011,1,8.5
ID,2010,12,8.5
ID,2010,11,8.6
ID,2010,10,8.6
ID,2010,9,8.6
ID,2010,8,8.6
ID,2010,7,8.6
ID,2010,6,8.7
ID,2010,5,8.8
ID,2010,4,8.9
ID,2010,3,9.0
ID,2010,2,9.1
ID,2010,1,9.1
ID,2009,12,9.1
ID,2009,11,9.1
ID,2009,10,9.1
ID,2009,9,9.1
ID,2009,8,9.1
ID,2009,7,9.1
ID,2009,6,9.1
ID,2009,5,8.9
ID,2009,4,8.2
ID,2009,3,8.2
ID,2009,2,7.9
ID,2009,1,7.6
ID,2008,12,7.2
ID,2008,11,6.7
ID,2008,10,6.3
ID,2008,9,5.9
ID,2008,8,5.6
ID,2008,7,5.4
ID,2008,6,5.1
ID,2008,5,4.7
ID,2008,4,4.1
ID,2008,3,3.2
ID,2008,2,3.1
ID,2008,1,3.1
ID,2007,12,3.2
ID,2007,11,3.2
ID,2007,10,3.3
ID,2007,9,3.2
ID,2007,8,3.1
ID,2007,7,3.0
ID,2007,6,2.9
ID,2007,5,2.8
ID,2007,4,2.8
ID,2007,3,2.9
ID,2007,2,2.9
ID,2007,1,3.0
IL,2015,12,6.1
IL,2015,11,6.0
IL,2015,10,5.9
IL,2015,9,5.9
IL,2015,8,5.9
IL,2015,7,5.9
IL,2015,6,6.0
IL,2015,5,6.0
IL,2015,4,6.0
IL,2015,3,6.0
IL,2015,2,6.1
IL,2015,1,6.1
IL,2014,12,6.2
IL,2014,11,6.3
IL,2014,10,6.5
IL,2014,9,6.6
IL,2014,8,6.8
IL,2014,7,7.0
IL,2014,6,7.2
IL,2014,5,7.4
IL,2014,4,7.6
IL,2014,3,7.9
IL,2014,2,8.1
IL,2014,1,8.4
IL,2013,12,8.6
IL,2013,11,8.7
IL,2013,10,8.8
IL,2013,9,9.0
IL,2013,8,9.1
IL,2013,7,9.2
IL,2013,6,9.2
IL,2013,5,9.2
IL,2013,4,9.3
IL,2013,3,9.3
IL,2013,2,9.3
IL,2013,1,9.2
IL,2012,12,9.1
IL,2012,11,9.0
IL,2012,10,9.0
IL,2012,9,9.0
IL,2012,8,9.0
IL,2012,7,9.0
IL,2012,6,9.1
IL,2012,5,9.0
IL,2012,4,9.0
IL,2012,3,9.0
IL,2012,2,9.1
IL,2012,1,9.3
IL,2011,12,9.5
IL,2011,11,9.7
IL,2011,10,9.9
IL,2011,9,10.0
IL,2011,8,10.1
IL,2011,7,10.0
IL,2011,6,9.9
IL,2011,5,9.8
IL,2011,4,9.6
IL,2011,3,9.5
IL,2011,2,9.5
IL,2011,1,9.6
IL,2010,12,9.7
IL,2010,11,9.8
IL,2010,10,9.9
IL,2010,9,10.0
IL,2010,8,10.1
IL,2010,7,10.2
IL,2010,6,10.4
IL,2010,5,10.7
IL,2010,4,10.9
IL,2010,3,11.2
IL,2010,2,11.3
IL,2010,1,11.4
IL,2009,12,11.4
IL,2009,11,11.2
IL,2009,10,11.0
IL,2009,9,10.8
IL,2009,8,10.6
IL,2009,7,10.4
IL,2009,6,10.3
IL,2009,5,10.0
IL,2009,4,9.8
IL,2009,3,9.4
IL,2009,2,8.9
IL,2009,1,8.4
IL,2008,12,7.9
IL,2008,11,7.4
IL,2008,10,7.1
IL,2008,9,6.9
IL,2008,8,6.7
IL,2008,7,6.6
IL,2008,6,6.4
IL,2008,5,6.1
IL,2008,4,5.9
IL,2008,3,5.8
IL,2008,2,5.7
IL,2008,1,5.6
IL,2007,12,5.6
IL,2007,11,5.5
IL,2007,10,5.5
IL,2007,9,5.3
IL,2007,8,5.2
IL,2007,7,5.1
IL,2007,6,5.0
IL,2007,5,4.9
IL,2007,4,4.8
IL,2007,3,4.7
IL,2007,2,4.6
IL,2007,1,4.6
IN,2015,12,4.6
IN,2015,11,4.5
IN,2015,10,4.5
IN,2015,9,4.5
IN,2015,8,4.6
IN,2015,7,4.6
IN,2015,6,4.7
IN,2015,5,4.8
IN,2015,4,4.9
IN,2015,3,5.1
IN,2015,2,5.2
IN,2015,1,5.4
IN,2014,12,5.5
IN,2014,11,5.6
IN,2014,10,5.7
IN,2014,9,5.8
IN,2014,8,5.8
IN,2014,7,5.9
IN,2014,6,6.0
IN,2014,5,6.1
IN,2014,4,6.1
IN,2014,3,6.2
IN,2014,2,6.3
IN,2014,1,6.4
IN,2013,12,6.5
IN,2013,11,6.7
IN,2013,10,6.9
IN,2013,9,7.1
IN,2013,8,7.3
IN,2013,7,7.5
IN,2013,6,7.7
IN,2013,5,7.8
IN,2013,4,8.0
IN,2013,3,8.1
IN,2013,2,8.2
IN,2013,1,8.2
IN,2012,12,8.2
IN,2012,11,8.2
IN,2012,10,8.2
IN,2012,9,8.2
IN,2012,8,8.2
IN,2012,7,8.2
IN,2012,6,8.2
IN,2012,5,8.2
IN,2012,4,8.2
IN,2012,3,8.2
IN,2012,2,8.3
IN,2012,1,8.4
IN,2011,12,8.6
IN,2011,11,8.8
IN,2011,10,9.0
IN,2011,9,9.1
IN,2011,8,9.1
IN,2011,7,9.1
IN,2011,6,8.9
IN,2011,5,8.8
IN,2011,4,8.7
IN,2011,3,8.8
IN,2011,2,8.9
IN,2011,1,9.1
IN,2010,12,9.3
IN,2010,11,9.5
IN,2010,10,9.7
IN,2010,9,9.8
IN,2010,8,9.9
IN,2010,7,10.0
IN,2010,6,10.1
IN,2010,5,10.3
IN,2010,4,10.4
IN,2010,3,10.6
IN,2010,2,10.7
IN,2010,1,10.7
IN,2009,12,10.6
IN,2009,11,10.6
IN,2009,10,10.6
IN,2009,9,10.6
IN,2009,8,10.7
IN,2009,7,10.7
IN,2009,6,10.8
IN,2009,5,10.8
IN,2009,4,10.7
IN,2009,3,10.3
IN,2009,2,9.8
IN,2009,1,9.0
IN,2008,12,8.3
IN,2008,11,7.5
IN,2008,10,6.9
IN,2008,9,6.4
IN,2008,8,6.0
IN,2008,7,5.8
IN,2008,6,5.5
IN,2008,5,5.3
IN,2008,4,5.1
IN,2008,3,4.9
IN,2008,2,4.8
IN,2008,1,4.8
IN,2007,12,4.8
IN,2007,11,4.8
IN,2007,10,4.8
IN,2007,9,4.7
IN,2007,8,4.6
IN,2007,7,4.5
IN,2007,6,4.5
IN,2007,5,4.5
IN,2007,4,4.5
IN,2007,3,4.5
IN,2007,2,4.6
IN,2007,1,4.7
IA,2015,12,3.6
IA,2015,11,3.6
IA,2015,10,3.6
IA,2015,9,3.6
IA,2015,8,3.6
IA,2015,7,3.6
IA,2015,6,3.7
IA,2015,5,3.7
IA,2015,4,3.8
IA,2015,3,3.8
IA,2015,2,3.8
IA,2015,1,3.9
IA,2014,12,3.9
IA,2014,11,4.0
IA,2014,10,4.1
IA,2014,9,4.2
IA,2014,8,4.2
IA,2014,7,4.2
IA,2014,6,4.3
IA,2014,5,4.3
IA,2014,4,4.3
IA,2014,3,4.4
IA,2014,2,4.4
IA,2014,1,4.4
IA,2013,12,4.5
IA,2013,11,4.5
IA,2013,10,4.5
IA,2013,9,4.6
IA,2013,8,4.7
IA,2013,7,4.7
IA,2013,6,4.8
IA,2013,5,4.8
IA,2013,4,4.9
IA,2013,3,4.9
IA,2013,2,4.9
IA,2013,1,4.9
IA,2012,12,4.9
IA,2012,11,4.9
IA,2012,10,5.0
IA,2012,9,5.0
IA,2012,8,5.0
IA,2012,7,5.1
IA,2012,6,5.1
IA,2012,5,5.1
IA,2012,4,5.1
IA,2012,3,5.1
IA,2012,2,5.2
IA,2012,1,5.2
IA,2011,12,5.3
IA,2011,11,5.5
IA,2011,10,5.5
IA,2011,9,5.6
IA,2011,8,5.7
IA,2011,7,5.7
IA,2011,6,5.7
IA,2011,5,5.7
IA,2011,4,5.7
IA,2011,3,5.7
IA,2011,2,5.8
IA,2011,1,5.9
IA,2010,12,5.9
IA,2010,11,6.0
IA,2010,10,6.0
IA,2010,9,6.0
IA,2010,8,6.0
IA,2010,7,6.0
IA,2010,6,6.0
IA,2010,5,6.1
IA,2010,4,6.2
IA,2010,3,6.3
IA,2010,2,6.4
IA,2010,1,6.5
IA,2009,12,6.5
IA,2009,11,6.5
IA,2009,10,6.5
IA,2009,9,6.5
IA,2009,8,6.6
IA,2009,7,6.6
IA,2009,6,6.6
IA,2009,5,6.6
IA,2009,4,6.5
IA,2009,3,6.3
IA,2009,2,6.0
IA,2009,1,5.6
IA,2008,12,5.2
IA,2008,11,4.9
IA,2008,10,4.6
IA,2008,9,4.4
IA,2008,8,4.2
IA,2008,7,4.1
IA,2008,6,4.0
IA,2008,5,3.9
IA,2008,4,3.8
IA,2008,3,3.7
IA,2008,2,3.7
IA,2008,1,3.7
IA,2007,12,3.7
IA,2007,11,3.7
IA,2007,10,3.8
IA,2007,9,3.8
IA,2007,8,3.7
IA,2007,7,3.7
IA,2007,6,3.7
IA,2007,5,3.7
IA,2007,4,3.7
IA,2007,3,3.7
IA,2007,2,3.7
IA,2007,1,3.7
KS,2015,12,3.9
KS,2015,11,3.9
KS,2015,10,3.9
KS,2015,9,4.0
KS,2015,8,4.0
KS,2015,7,4.1
KS,2015,6,4.2
KS,2015,5,4.3
KS,2015,4,4.4
KS,2015,3,4.4
KS,2015,2,4.4
KS,2015,1,4.3
KS,2014,12,4.3
KS,2014,11,4.3
KS,2014,10,4.3
KS,2014,9,4.4
KS,2014,8,4.4
KS,2014,7,4.5
KS,2014,6,4.5
KS,2014,5,4.6
KS,2014,4,4.6
KS,2014,3,4.7
KS,2014,2,4.7
KS,2014,1,4.8
KS,2013,12,4.9
KS,2013,11,5.0
KS,2013,10,5.1
KS,2013,9,5.2
KS,2013,8,5.3
KS,2013,7,5.3
KS,2013,6,5.4
KS,2013,5,5.4
KS,2013,4,5.4
KS,2013,3,5.5
KS,2013,2,5.5
KS,2013,1,5.6
KS,2012,12,5.6
KS,2012,11,5.6
KS,2012,10,5.6
KS,2012,9,5.6
KS,2012,8,5.6
KS,2012,7,5.7
KS,2012,6,5.7
KS,2012,5,5.8
KS,2012,4,5.8
KS,2012,3,5.8
KS,2012,2,5.9
KS,2012,1,5.9
KS,2011,12,6.0
KS,2011,11,6.1
KS,2011,10,6.2
KS,2011,9,6.3
KS,2011,8,6.3
KS,2011,7,6.3
KS,2011,6,6.4
KS,2011,5,6.4
KS,2011,4,6.5
KS,2011,3,6.6
KS,2011,2,6.7
KS,2011,1,6.8
KS,2010,12,6.8
KS,2010,11,6.9
KS,2010,10,6.9
KS,2010,9,6.8
KS,2010,8,6.8
KS,2010,7,6.8
KS,2010,6,6.8
KS,2010,5,6.9
KS,2010,4,7.0
KS,2010,3,7.1
KS,2010,2,7.2
KS,2010,1,7.2
KS,2009,12,7.2
KS,2009,11,7.2
KS,2009,10,7.2
KS,2009,9,7.2
KS,2009,8,7.3
KS,2009,7,7.2
KS,2009,6,7.2
KS,2009,5,7.0
KS,2009,4,6.8
KS,2009,3,6.5
KS,2009,2,6.1
KS,2009,1,5.8
KS,2008,12,5.5
KS,2008,11,5.2
KS,2008,10,5.0
KS,2008,9,4.8
KS,2008,8,4.7
KS,2008,7,4.5
KS,2008,6,4.4
KS,2008,5,4.3
KS,2008,4,4.2
KS,2008,3,4.2
KS,2008,2,4.2
KS,2008,1,4.3
KS,2007,12,4.3
KS,2007,11,4.3
KS,2007,10,4.3
KS,2007,9,4.3
KS,2007,8,4.2
KS,2007,7,4.2
KS,2007,6,4.2
KS,2007,5,4.2
KS,2007,4,4.2
KS,2007,3,4.2
KS,2007,2,4.2
KS,2007,1,4.2
KY,2015,12,5.2
KY,2015,11,5.2
KY,2015,10,5.2
KY,2015,9,5.2
KY,2015,8,5.2
KY,2015,7,5.2
KY,2015,6,5.2
KY,2015,5,5.2
KY,2015,4,5.3
KY,2015,3,5.3
KY,2015,2,5.3
KY,2015,1,5.3
KY,2014,12,5.4
KY,2014,11,5.5
KY,2014,10,5.7
KY,2014,9,5.9
KY,2014,8,6.0
KY,2014,7,6.3
KY,2014,6,6.5
KY,2014,5,6.7
KY,2014,4,7.0
KY,2014,3,7.2
KY,2014,2,7.3
KY,2014,1,7.5
KY,2013,12,7.6
KY,2013,11,7.7
KY,2013,10,7.8
KY,2013,9,7.9
KY,2013,8,8.0
KY,2013,7,8.0
KY,2013,6,8.0
KY,2013,5,8.0
KY,2013,4,8.0
KY,2013,3,8.0
KY,2013,2,8.0
KY,2013,1,8.0
KY,2012,12,8.0
KY,2012,11,8.1
KY,2012,10,8.1
KY,2012,9,8.1
KY,2012,8,8.2
KY,2012,7,8.2
KY,2012,6,8.2
KY,2012,5,8.2
KY,2012,4,8.2
KY,2012,3,8.2
KY,2012,2,8.4
KY,2012,1,8.5
KY,2011,12,8.7
KY,2011,11,9.0
KY,2011,10,9.2
KY,2011,9,9.3
KY,2011,8,9.4
KY,2011,7,9.5
KY,2011,6,9.5
KY,2011,5,9.5
KY,2011,4,9.5
KY,2011,3,9.5
KY,2011,2,9.6
KY,2011,1,9.8
KY,2010,12,9.9
KY,2010,11,10.0
KY,2010,10,10.0
KY,2010,9,10.0
KY,2010,8,10.0
KY,2010,7,10.0
KY,2010,6,10.1
KY,2010,5,10.3
KY,2010,4,10.5
KY,2010,3,10.7
KY,2010,2,10.8
KY,2010,1,10.9
KY,2009,12,10.9
KY,2009,11,10.9
KY,2009,10,10.9
KY,2009,9,11.0
KY,2009,8,11.1
KY,2009,7,11.2
KY,2009,6,11.2
KY,2009,5,11.1
KY,2009,4,10.9
KY,2009,3,10.6
KY,2009,2,10.0
KY,2009,1,9.4
KY,2008,12,8.7
KY,2008,11,8.1
KY,2008,10,7.5
KY,2008,9,7.1
KY,2008,8,6.7
KY,2008,7,6.4
KY,2008,6,6.1
KY,2008,5,5.9
KY,2008,4,5.6
KY,2008,3,5.5
KY,2008,2,5.4
KY,2008,1,5.3
KY,2007,12,5.4
KY,2007,11,5.4
KY,2007,10,5.4
KY,2007,9,5.4
KY,2007,8,5.4
KY,2007,7,5.3
KY,2007,6,5.3
KY,2007,5,5.3
KY,2007,4,5.3
KY,2007,3,5.3
KY,2007,2,5.4
KY,2007,1,5.5
LA,2015,12,6.0
LA,2015,11,6.0
LA,2015,10,6.0
LA,2015,9,6.0
LA,2015,8,6.1
LA,2015,7,6.1
LA,2015,6,6.3
LA,2015,5,6.4
LA,2015,4,6.5
LA,2015,3,6.6
LA,2015,2,6.7
LA,2015,1,6.8
LA,2014,12,6.8
LA,2014,11,6.8
LA,2014,10,6.8
LA,2014,9,6.7
LA,2014,8,6.6
LA,2014,7,6.4
LA,2014,6,6.2
LA,2014,5,6.0
LA,2014,4,5.8
LA,2014,3,5.7
LA,2014,2,5.6
LA,2014,1,5.6
LA,2013,12,5.7
LA,2013,11,5.9
LA,2013,10,6.0
LA,2013,9,6.2
LA,2013,8,6.4
LA,2013,7,6.5
LA,2013,6,6.6
LA,2013,5,6.7
LA,2013,4,6.7
LA,2013,3,6.8
LA,2013,2,6.8
LA,2013,1,6.7
LA,2012,12,6.6
LA,2012,11,6.5
LA,2012,10,6.4
LA,2012,9,6.5
LA,2012,8,6.6
LA,2012,7,6.7
LA,2012,6,6.8
LA,2012,5,6.9
LA,2012,4,7.0
LA,2012,3,7.0
LA,2012,2,7.1
LA,2012,1,7.1
LA,2011,12,7.2
LA,2011,11,7.3
LA,2011,10,7.3
LA,2011,9,7.3
LA,2011,8,7.3
LA,2011,7,7.4
LA,2011,6,7.4
LA,2011,5,7.4
LA,2011,4,7.5
LA,2011,3,7.6
LA,2011,2,7.7
LA,2011,1,7.8
LA,2010,12,7.8
LA,2010,11,7.8
LA,2010,10,7.8
LA,2010,9,7.8
LA,2010,8,7.7
LA,2010,7,7.6
LA,2010,6,7.4
LA,2010,5,7.4
LA,2010,4,7.3
LA,2010,3,7.3
LA,2010,2,7.2
LA,2010,1,7.1
LA,2009,12,7.1
LA,2009,11,7.0
LA,2009,10,7.0
LA,2009,9,7.0
LA,2009,8,7.0
LA,2009,7,7.0
LA,2009,6,7.0
LA,2009,5,6.9
LA,2009,4,6.8
LA,2009,3,6.5
LA,2009,2,6.2
LA,2009,1,6.0
LA,2008,12,5.7
LA,2008,11,5.5
LA,2008,10,5.2
LA,2008,9,5.0
LA,2008,8,4.8
LA,2008,7,4.6
LA,2008,6,4.4
LA,2008,5,4.3
LA,2008,4,4.2
LA,2008,3,4.1
LA,2008,2,4.1
LA,2008,1,4.1
LA,2007,12,4.0
LA,2007,11,3.9
LA,2007,10,3.9
LA,2007,9,3.9
LA,2007,8,4.0
LA,2007,7,4.1
LA,2007,6,4.2
LA,2007,5,4.3
LA,2007,4,4.3
LA,2007,3,4.2
LA,2007,2,4.2
LA,2007,1,4.1
ME,2015,12,4.0
ME,2015,11,4.0
ME,2015,10,4.1
ME,2015,9,4.1
ME,2015,8,4.2
ME,2015,7,4.3
ME,2015,6,4.4
ME,2015,5,4.5
ME,2015,4,4.6
ME,2015,3,4.7
ME,2015,2,4.8
ME,2015,1,4.9
ME,2014,12,5.0
ME,2014,11,5.2
ME,2014,10,5.2
ME,2014,9,5.3
ME,2014,8,5.4
ME,2014,7,5.5
ME,2014,6,5.6
ME,2014,5,5.7
ME,2014,4,5.8
ME,2014,3,5.9
ME,2014,2,6.0
ME,2014,1,6.1
ME,2013,12,6.2
ME,2013,11,6.3
ME,2013,10,6.4
ME,2013,9,6.5
ME,2013,8,6.6
ME,2013,7,6.7
ME,2013,6,6.7
ME,2013,5,6.8
ME,2013,4,6.9
ME,2013,3,7.0
ME,2013,2,7.0
ME,2013,1,7.1
ME,2012,12,7.1
ME,2012,11,7.1
ME,2012,10,7.1
ME,2012,9,7.2
ME,2012,8,7.2
ME,2012,7,7.2
ME,2012,6,7.3
ME,2012,5,7.3
ME,2012,4,7.2
ME,2012,3,7.2
ME,2012,2,7.2
ME,2012,1,7.2
ME,2011,12,7.3
ME,2011,11,7.4
ME,2011,10,7.5
ME,2011,9,7.6
ME,2011,8,7.7
ME,2011,7,7.8
ME,2011,6,7.8
ME,2011,5,7.8
ME,2011,4,7.8
ME,2011,3,7.9
ME,2011,2,8.0
ME,2011,1,8.1
ME,2010,12,8.1
ME,2010,11,8.2
ME,2010,10,8.3
ME,2010,9,8.3
ME,2010,8,8.3
ME,2010,7,8.3
ME,2010,6,8.3
ME,2010,5,8.5
ME,2010,4,8.6
ME,2010,3,8.7
ME,2010,2,8.7
ME,2010,1,8.7
ME,2009,12,8.7
ME,2009,11,8.6
ME,2009,10,8.6
ME,2009,9,8.5
ME,2009,8,8.5
ME,2009,7,8.5
ME,2009,6,8.6
ME,2009,5,8.5
ME,2009,4,8.5
ME,2009,3,8.3
ME,2009,2,7.9
ME,2009,1,7.5
ME,2008,12,7.0
ME,2008,11,6.5
ME,2008,10,6.1
ME,2008,9,5.7
ME,2008,8,5.5
ME,2008,7,5.3
ME,2008,6,5.1
ME,2008,5,4.9
ME,2008,4,4.8
ME,2008,3,4.7
ME,2008,2,4.6
ME,2008,1,4.6
ME,2007,12,4.7
ME,2007,11,4.8
ME,2007,10,4.8
ME,2007,9,4.8
ME,2007,8,4.8
ME,2007,7,4.7
ME,2007,6,4.7
ME,2007,5,4.6
ME,2007,4,4.6
ME,2007,3,4.6
ME,2007,2,4.6
ME,2007,1,4.6
MD,2015,12,4.6
MD,2015,11,4.7
MD,2015,10,4.7
MD,2015,9,4.8
MD,2015,8,4.9
MD,2015,7,4.9
MD,2015,6,5.0
MD,2015,5,5.1
MD,2015,4,5.2
MD,2015,3,5.3
MD,2015,2,5.3
MD,2015,1,5.4
MD,2014,12,5.4
MD,2014,11,5.5
MD,2014,10,5.5
MD,2014,9,5.6
MD,2014,8,5.6
MD,2014,7,5.7
MD,2014,6,5.8
MD,2014,5,5.8
MD,2014,4,5.9
MD,2014,3,5.9
MD,2014,2,6.0
MD,2014,1,6.1
MD,2013,12,6.1
MD,2013,11,6.2
MD,2013,10,6.3
MD,2013,9,6.4
MD,2013,8,6.5
MD,2013,7,6.5
MD,2013,6,6.6
MD,2013,5,6.6
MD,2013,4,6.7
MD,2013,3,6.7
MD,2013,2,6.8
MD,2013,1,6.8
MD,2012,12,6.8
MD,2012,11,6.8
MD,2012,10,6.8
MD,2012,9,6.8
MD,2012,8,6.9
MD,2012,7,6.9
MD,2012,6,6.9
MD,2012,5,6.9
MD,2012,4,6.9
MD,2012,3,6.9
MD,2012,2,6.9
MD,2012,1,6.9
MD,2011,12,7.0
MD,2011,11,7.1
MD,2011,10,7.2
MD,2011,9,7.3
MD,2011,8,7.4
MD,2011,7,7.4
MD,2011,6,7.4
MD,2011,5,7.4
MD,2011,4,7.3
MD,2011,3,7.4
MD,2011,2,7.4
MD,2011,1,7.5
MD,2010,12,7.6
MD,2010,11,7.7
MD,2010,10,7.7
MD,2010,9,7.7
MD,2010,8,7.7
MD,2010,7,7.7
MD,2010,6,7.8
MD,2010,5,7.9
MD,2010,4,7.9
MD,2010,3,8.0
MD,2010,2,8.1
MD,2010,1,8.1
MD,2009,12,8.0
MD,2009,11,7.9
MD,2009,10,7.8
MD,2009,9,7.8
MD,2009,8,7.7
MD,2009,7,7.7
MD,2009,6,7.7
MD,2009,5,7.6
MD,2009,4,7.5
MD,2009,3,7.3
MD,2009,2,7.0
MD,2009,1,6.6
MD,2008,12,6.2
MD,2008,11,5.7
MD,2008,10,5.3
MD,2008,9,5.0
MD,2008,8,4.7
MD,2008,7,4.5
MD,2008,6,4.2
MD,2008,5,4.0
MD,2008,4,3.8
MD,2008,3,3.7
MD,2008,2,3.6
MD,2008,1,3.6
MD,2007,12,3.6
MD,2007,11,3.6
MD,2007,10,3.7
MD,2007,9,3.7
MD,2007,8,3.7
MD,2007,7,3.7
MD,2007,6,3.7
MD,2007,5,3.7
MD,2007,4,3.7
MD,2007,3,3.8
MD,2007,2,3.9
MD,2007,1,4.0
MA,2015,12,4.4
MA,2015,11,4.5
MA,2015,10,4.6
MA,2015,9,4.6
MA,2015,8,4.7
MA,2015,7,4.7
MA,2015,6,4.8
MA,2015,5,4.9
MA,2015,4,5.0
MA,2015,3,5.0
MA,2015,2,5.1
MA,2015,1,5.2
MA,2014,12,5.2
MA,2014,11,5.4
MA,2014,10,5.5
MA,2014,9,5.6
MA,2014,8,5.6
MA,2014,7,5.7
MA,2014,6,5.8
MA,2014,5,5.9
MA,2014,4,5.9
MA,2014,3,6.0
MA,2014,2,6.1
MA,2014,1,6.2
MA,2013,12,6.3
MA,2013,11,6.4
MA,2013,10,6.5
MA,2013,9,6.6
MA,2013,8,6.7
MA,2013,7,6.7
MA,2013,6,6.7
MA,2013,5,6.7
MA,2013,4,6.8
MA,2013,3,6.8
MA,2013,2,6.8
MA,2013,1,6.7
MA,2012,12,6.7
MA,2012,11,6.7
MA,2012,10,6.7
MA,2012,9,6.7
MA,2012,8,6.7
MA,2012,7,6.7
MA,2012,6,6.7
MA,2012,5,6.7
MA,2012,4,6.7
MA,2012,3,6.7
MA,2012,2,6.7
MA,2012,1,6.7
MA,2011,12,6.8
MA,2011,11,6.9
MA,2011,10,7.0
MA,2011,9,7.1
MA,2011,8,7.2
MA,2011,7,7.2
MA,2011,6,7.3
MA,2011,5,7.3
MA,2011,4,7.4
MA,2011,3,7.4
MA,2011,2,7.5
MA,2011,1,7.6
MA,2010,12,7.7
MA,2010,11,7.8
MA,2010,10,7.8
MA,2010,9,7.9
MA,2010,8,7.9
MA,2010,7,7.9
MA,2010,6,8.0
MA,2010,5,8.1
MA,2010,4,8.3
MA,2010,3,8.4
MA,2010,2,8.4
MA,2010,1,8.5
MA,2009,12,8.5
MA,2009,11,8.5
MA,2009,10,8.5
MA,2009,9,8.4
MA,2009,8,8.4
MA,2009,7,8.3
MA,2009,6,8.2
MA,2009,5,8.1
MA,2009,4,7.9
MA,2009,3,7.7
MA,2009,2,7.4
MA,2009,1,7.0
MA,2008,12,6.7
MA,2008,11,6.3
MA,2008,10,6.0
MA,2008,9,5.7
MA,2008,8,5.5
MA,2008,7,5.3
MA,2008,6,5.1
MA,2008,5,4.9
MA,2008,4,4.8
MA,2008,3,4.6
MA,2008,2,4.6
MA,2008,1,4.5
MA,2007,12,4.5
MA,2007,11,4.5
MA,2007,10,4.5
MA,2007,9,4.5
MA,2007,8,4.5
MA,2007,7,4.5
MA,2007,6,4.5
MA,2007,5,4.5
MA,2007,4,4.5
MA,2007,3,4.5
MA,2007,2,4.6
MA,2007,1,4.6
MI,2015,12,4.9
MI,2015,11,5.0
MI,2015,10,5.0
MI,2015,9,5.1
MI,2015,8,5.2
MI,2015,7,5.4
MI,2015,6,5.5
MI,2015,5,5.6
MI,2015,4,5.7
MI,2015,3,5.8
MI,2015,2,5.9
MI,2015,1,6.0
MI,2014,12,6.2
MI,2014,11,6.4
MI,2014,10,6.6
MI,2014,9,6.8
MI,2014,8,7.0
MI,2014,7,7.2
MI,2014,6,7.4
MI,2014,5,7.5
MI,2014,4,7.7
MI,2014,3,7.9
MI,2014,2,8.0
MI,2014,1,8.1
MI,2013,12,8.2
MI,2013,11,8.4
MI,2013,10,8.5
MI,2013,9,8.6
MI,2013,8,8.8
MI,2013,7,8.8
MI,2013,6,8.8
MI,2013,5,8.8
MI,2013,4,8.9
MI,2013,3,8.9
MI,2013,2,9.0
MI,2013,1,9.0
MI,2012,12,9.0
MI,2012,11,9.0
MI,2012,10,9.0
MI,2012,9,9.0
MI,2012,8,9.0
MI,2012,7,9.0
MI,2012,6,9.1
MI,2012,5,9.1
MI,2012,4,9.1
MI,2012,3,9.1
MI,2012,2,9.1
MI,2012,1,9.2
MI,2011,12,9.4
MI,2011,11,9.6
MI,2011,10,9.8
MI,2011,9,9.9
MI,2011,8,10.1
MI,2011,7,10.2
MI,2011,6,10.2
MI,2011,5,10.1
MI,2011,4,10.0
MI,2011,3,9.9
MI,2011,2,10.4
MI,2011,1,10.5
MI,2010,12,10.8
MI,2010,11,11.2
MI,2010,10,11.5
MI,2010,9,11.7
MI,2010,8,12.0
MI,2010,7,12.3
MI,2010,6,12.4
MI,2010,5,12.5
MI,2010,4,12.7
MI,2010,3,12.9
MI,2010,2,13.1
MI,2010,1,13.2
MI,2009,12,13.3
MI,2009,11,13.4
MI,2009,10,13.5
MI,2009,9,13.7
MI,2009,8,13.8
MI,2009,7,14.0
MI,2009,6,14.0
MI,2009,5,13.6
MI,2009,4,13.1
MI,2009,3,12.5
MI,2009,2,11.8
MI,2009,1,10.9
MI,2008,12,10.1
MI,2008,11,9.6
MI,2008,10,9.1
MI,2008,9,8.7
MI,2008,8,8.4
MI,2008,7,8.1
MI,2008,6,7.9
MI,2008,5,7.6
MI,2008,4,7.4
MI,2008,3,7.3
MI,2008,2,7.2
MI,2008,1,7.2
MI,2007,12,7.2
MI,2007,11,7.3
MI,2007,10,7.3
MI,2007,9,7.3
MI,2007,8,7.2
MI,2007,7,7.1
MI,2007,6,7.0
MI,2007,5,6.9
MI,2007,4,6.9
MI,2007,3,6.9
MI,2007,2,6.9
MI,2007,1,7.0
MN,2015,12,3.8
MN,2015,11,3.8
MN,2015,10,3.7
MN,2015,9,3.8
MN,2015,8,3.8
MN,2015,7,3.8
MN,2015,6,3.8
MN,2015,5,3.8
MN,2015,4,3.8
MN,2015,3,3.8
MN,2015,2,3.8
MN,2015,1,3.8
MN,2014,12,3.9
MN,2014,11,3.9
MN,2014,10,4.0
MN,2014,9,4.0
MN,2014,8,4.1
MN,2014,7,4.2
MN,2014,6,4.3
MN,2014,5,4.4
MN,2014,4,4.5
MN,2014,3,4.6
MN,2014,2,4.6
MN,2014,1,4.7
MN,2013,12,4.7
MN,2013,11,4.8
MN,2013,10,4.8
MN,2013,9,4.9
MN,2013,8,5.0
MN,2013,7,5.0
MN,2013,6,5.1
MN,2013,5,5.1
MN,2013,4,5.2
MN,2013,3,5.2
MN,2013,2,5.3
MN,2013,1,5.4
MN,2012,12,5.4
MN,2012,11,5.5
MN,2012,10,5.6
MN,2012,9,5.6
MN,2012,8,5.7
MN,2012,7,5.7
MN,2012,6,5.7
MN,2012,5,5.7
MN,2012,4,5.7
MN,2012,3,5.7
MN,2012,2,5.7
MN,2012,1,5.8
MN,2011,12,5.9
MN,2011,11,6.0
MN,2011,10,6.2
MN,2011,9,6.4
MN,2011,8,6.6
MN,2011,7,6.7
MN,2011,6,6.7
MN,2011,5,6.7
MN,2011,4,6.7
MN,2011,3,6.7
MN,2011,2,6.8
MN,2011,1,6.9
MN,2010,12,7.1
MN,2010,11,7.2
MN,2010,10,7.3
MN,2010,9,7.3
MN,2010,8,7.3
MN,2010,7,7.2
MN,2010,6,7.3
MN,2010,5,7.4
MN,2010,4,7.5
MN,2010,3,7.6
MN,2010,2,7.7
MN,2010,1,7.8
MN,2009,12,7.8
MN,2009,11,7.9
MN,2009,10,7.9
MN,2009,9,8.0
MN,2009,8,8.0
MN,2009,7,8.1
MN,2009,6,8.2
MN,2009,5,8.2
MN,2009,4,8.1
MN,2009,3,7.9
MN,2009,2,7.6
MN,2009,1,7.2
MN,2008,12,6.7
MN,2008,11,6.3
MN,2008,10,6.0
MN,2008,9,5.7
MN,2008,8,5.6
MN,2008,7,5.4
MN,2008,6,5.3
MN,2008,5,5.1
MN,2008,4,4.9
MN,2008,3,4.8
MN,2008,2,4.7
MN,2008,1,4.7
MN,2007,12,4.7
MN,2007,11,4.8
MN,2007,10,4.8
MN,2007,9,4.7
MN,2007,8,4.7
MN,2007,7,4.6
MN,2007,6,4.6
MN,2007,5,4.5
MN,2007,4,4.4
MN,2007,3,4.4
MN,2007,2,4.4
MN,2007,1,4.4
MS,2015,12,6.4
MS,2015,11,6.4
MS,2015,10,6.4
MS,2015,9,6.3
MS,2015,8,6.3
MS,2015,7,6.3
MS,2015,6,6.4
MS,2015,5,6.5
MS,2015,4,6.6
MS,2015,3,6.7
MS,2015,2,6.7
MS,2015,1,6.8
MS,2014,12,6.9
MS,2014,11,7.1
MS,2014,10,7.2
MS,2014,9,7.4
MS,2014,8,7.5
MS,2014,7,7.6
MS,2014,6,7.7
MS,2014,5,7.8
MS,2014,4,7.9
MS,2014,3,7.9
MS,2014,2,8.0
MS,2014,1,8.1
MS,2013,12,8.1
MS,2013,11,8.2
MS,2013,10,8.3
MS,2013,9,8.4
MS,2013,8,8.5
MS,2013,7,8.5
MS,2013,6,8.5
MS,2013,5,8.6
MS,2013,4,8.7
MS,2013,3,8.7
MS,2013,2,8.7
MS,2013,1,8.7
MS,2012,12,8.6
MS,2012,11,8.6
MS,2012,10,8.7
MS,2012,9,8.7
MS,2012,8,8.8
MS,2012,7,8.8
MS,2012,6,8.9
MS,2012,5,8.9
MS,2012,4,8.9
MS,2012,3,8.9
MS,2012,2,9.0
MS,2012,1,9.1
MS,2011,12,9.3
MS,2011,11,9.5
MS,2011,10,9.7
MS,2011,9,9.8
MS,2011,8,9.9
MS,2011,7,9.9
MS,2011,6,9.9
MS,2011,5,9.9
MS,2011,4,9.9
MS,2011,3,9.8
MS,2011,2,9.8
MS,2011,1,9.9
MS,2010,12,9.9
MS,2010,11,9.9
MS,2010,10,9.8
MS,2010,9,9.8
MS,2010,8,9.8
MS,2010,7,9.8
MS,2010,6,9.9
MS,2010,5,10.3
MS,2010,4,10.4
MS,2010,3,10.4
MS,2010,2,10.5
MS,2010,1,10.5
MS,2009,12,10.4
MS,2009,11,10.2
MS,2009,10,10.0
MS,2009,9,9.8
MS,2009,8,9.6
MS,2009,7,9.4
MS,2009,6,9.3
MS,2009,5,9.2
MS,2009,4,9.0
MS,2009,3,8.8
MS,2009,2,8.5
MS,2009,1,8.1
MS,2008,12,7.7
MS,2008,11,7.4
MS,2008,10,7.2
MS,2008,9,7.0
MS,2008,8,6.9
MS,2008,7,6.8
MS,2008,6,6.6
MS,2008,5,6.4
MS,2008,4,6.3
MS,2008,3,6.1
MS,2008,2,6.1
MS,2008,1,6.0
MS,2007,12,6.0
MS,2007,11,6.0
MS,2007,10,6.0
MS,2007,9,6.0
MS,2007,8,6.0
MS,2007,7,6.1
MS,2007,6,6.1
MS,2007,5,6.2
MS,2007,4,6.3
MS,2007,3,6.3
MS,2007,2,6.4
MS,2007,1,6.4
MO,2015,12,4.5
MO,2015,11,4.6
MO,2015,10,4.7
MO,2015,9,4.8
MO,2015,8,4.9
MO,2015,7,5.0
MO,2015,6,5.2
MO,2015,5,5.3
MO,2015,4,5.5
MO,2015,3,5.6
MO,2015,2,5.6
MO,2015,1,5.6
MO,2014,12,5.7
MO,2014,11,5.7
MO,2014,10,5.8
MO,2014,9,5.9
MO,2014,8,6.0
MO,2014,7,6.1
MO,2014,6,6.2
MO,2014,5,6.3
MO,2014,4,6.4
MO,2014,3,6.5
MO,2014,2,6.6
MO,2014,1,6.6
MO,2013,12,6.6
MO,2013,11,6.6
MO,2013,10,6.6
MO,2013,9,6.7
MO,2013,8,6.8
MO,2013,7,6.8
MO,2013,6,6.8
MO,2013,5,6.8
MO,2013,4,6.9
MO,2013,3,6.9
MO,2013,2,6.9
MO,2013,1,6.9
MO,2012,12,7.0
MO,2012,11,7.0
MO,2012,10,7.0
MO,2012,9,7.0
MO,2012,8,7.0
MO,2012,7,7.1
MO,2012,6,7.2
MO,2012,5,7.2
MO,2012,4,7.3
MO,2012,3,7.4
MO,2012,2,7.5
MO,2012,1,7.6
MO,2011,12,7.8
MO,2011,11,8.0
MO,2011,10,8.2
MO,2011,9,8.4
MO,2011,8,8.6
MO,2011,7,8.7
MO,2011,6,8.8
MO,2011,5,8.8
MO,2011,4,8.9
MO,2011,3,9.0
MO,2011,2,9.2
MO,2011,1,9.3
MO,2010,12,9.4
MO,2010,11,9.5
MO,2010,10,9.5
MO,2010,9,9.4
MO,2010,8,9.4
MO,2010,7,9.4
MO,2010,6,9.4
MO,2010,5,9.5
MO,2010,4,9.6
MO,2010,3,9.6
MO,2010,2,9.7
MO,2010,1,9.7
MO,2009,12,9.6
MO,2009,11,9.5
MO,2009,10,9.4
MO,2009,9,9.4
MO,2009,8,9.3
MO,2009,7,9.2
MO,2009,6,9.1
MO,2009,5,9.0
MO,2009,4,8.9
MO,2009,3,8.6
MO,2009,2,8.3
MO,2009,1,8.0
MO,2008,12,7.6
MO,2008,11,7.2
MO,2008,10,6.9
MO,2008,9,6.6
MO,2008,8,6.4
MO,2008,7,6.2
MO,2008,6,6.0
MO,2008,5,5.8
MO,2008,4,5.6
MO,2008,3,5.5
MO,2008,2,5.4
MO,2008,1,5.4
MO,2007,12,5.4
MO,2007,11,5.4
MO,2007,10,5.4
MO,2007,9,5.3
MO,2007,8,5.2
MO,2007,7,5.1
MO,2007,6,5.0
MO,2007,5,4.9
MO,2007,4,4.9
MO,2007,3,4.8
MO,2007,2,4.8
MO,2007,1,4.8
MT,2015,12,4.3
MT,2015,11,4.3
MT,2015,10,4.3
MT,2015,9,4.3
MT,2015,8,4.3
MT,2015,7,4.3
MT,2015,6,4.3
MT,2015,5,4.3
MT,2015,4,4.2
MT,2015,3,4.3
MT,2015,2,4.3
MT,2015,1,4.3
MT,2014,12,4.4
MT,2014,11,4.5
MT,2014,10,4.5
MT,2014,9,4.6
MT,2014,8,4.6
MT,2014,7,4.6
MT,2014,6,4.7
MT,2014,5,4.7
MT,2014,4,4.7
MT,2014,3,4.8
MT,2014,2,4.9
MT,2014,1,5.0
MT,2013,12,5.0
MT,2013,11,5.1
MT,2013,10,5.2
MT,2013,9,5.3
MT,2013,8,5.3
MT,2013,7,5.4
MT,2013,6,5.4
MT,2013,5,5.4
MT,2013,4,5.5
MT,2013,3,5.5
MT,2013,2,5.5
MT,2013,1,5.5
MT,2012,12,5.5
MT,2012,11,5.6
MT,2012,10,5.6
MT,2012,9,5.7
MT,2012,8,5.8
MT,2012,7,5.9
MT,2012,6,5.9
MT,2012,5,5.9
MT,2012,4,5.9
MT,2012,3,5.9
MT,2012,2,5.9
MT,2012,1,6.0
MT,2011,12,6.1
MT,2011,11,6.3
MT,2011,10,6.4
MT,2011,9,6.5
MT,2011,8,6.6
MT,2011,7,6.7
MT,2011,6,6.7
MT,2011,5,6.7
MT,2011,4,6.8
MT,2011,3,6.8
MT,2011,2,6.9
MT,2011,1,7.0
MT,2010,12,7.0
MT,2010,11,7.1
MT,2010,10,7.0
MT,2010,9,7.0
MT,2010,8,7.0
MT,2010,7,7.0
MT,2010,6,7.1
MT,2010,5,7.2
MT,2010,4,7.4
MT,2010,3,7.4
MT,2010,2,7.5
MT,2010,1,7.5
MT,2009,12,7.4
MT,2009,11,7.3
MT,2009,10,7.2
MT,2009,9,7.1
MT,2009,8,7.1
MT,2009,7,7.1
MT,2009,6,7.2
MT,2009,5,7.2
MT,2009,4,7.2
MT,2009,3,7.1
MT,2009,2,6.9
MT,2009,1,6.6
MT,2008,12,6.2
MT,2008,11,5.8
MT,2008,10,5.4
MT,2008,9,5.1
MT,2008,8,4.9
MT,2008,7,4.7
MT,2008,6,4.5
MT,2008,5,4.3
MT,2008,4,4.1
MT,2008,3,4.0
MT,2008,2,3.9
MT,2008,1,3.8
MT,2007,12,3.8
MT,2007,11,3.8
MT,2007,10,3.8
MT,2007,9,3.7
MT,2007,8,3.6
MT,2007,7,3.5
MT,2007,6,3.3
MT,2007,5,3.2
MT,2007,4,3.0
MT,2007,3,2.9
MT,2007,2,2.8
MT,2007,1,2.9
NE,2015,12,3.0
NE,2015,11,3.0
NE,2015,10,3.0
NE,2015,9,3.0
NE,2015,8,3.0
NE,2015,7,3.0
NE,2015,6,3.0
NE,2015,5,3.0
NE,2015,4,3.0
NE,2015,3,3.0
NE,2015,2,2.9
NE,2015,1,2.9
NE,2014,12,3.0
NE,2014,11,3.0
NE,2014,10,3.1
NE,2014,9,3.1
NE,2014,8,3.2
NE,2014,7,3.2
NE,2014,6,3.3
NE,2014,5,3.3
NE,2014,4,3.4
NE,2014,3,3.4
NE,2014,2,3.5
NE,2014,1,3.5
NE,2013,12,3.5
NE,2013,11,3.5
NE,2013,10,3.5
NE,2013,9,3.6
NE,2013,8,3.7
NE,2013,7,3.7
NE,2013,6,3.7
NE,2013,5,3.7
NE,2013,4,3.8
NE,2013,3,3.8
NE,2013,2,3.8
NE,2013,1,3.8
NE,2012,12,3.8
NE,2012,11,3.8
NE,2012,10,3.8
NE,2012,9,3.8
NE,2012,8,3.8
NE,2012,7,3.9
NE,2012,6,3.9
NE,2012,5,3.9
NE,2012,4,3.9
NE,2012,3,3.9
NE,2012,2,4.0
NE,2012,1,4.1
NE,2011,12,4.1
NE,2011,11,4.2
NE,2011,10,4.3
NE,2011,9,4.3
NE,2011,8,4.4
NE,2011,7,4.4
NE,2011,6,4.4
NE,2011,5,4.5
NE,2011,4,4.5
NE,2011,3,4.5
NE,2011,2,4.6
NE,2011,1,4.6
NE,2010,12,4.6
NE,2010,11,4.6
NE,2010,10,4.6
NE,2010,9,4.6
NE,2010,8,4.6
NE,2010,7,4.6
NE,2010,6,4.6
NE,2010,5,4.7
NE,2010,4,4.8
NE,2010,3,4.9
NE,2010,2,4.9
NE,2010,1,4.9
NE,2009,12,4.9
NE,2009,11,4.9
NE,2009,10,4.8
NE,2009,9,4.8
NE,2009,8,4.8
NE,2009,7,4.8
NE,2009,6,4.7
NE,2009,5,4.7
NE,2009,4,4.6
NE,2009,3,4.5
NE,2009,2,4.3
NE,2009,1,4.1
NE,2008,12,3.9
NE,2008,11,3.7
NE,2008,10,3.5
NE,2008,9,3.4
NE,2008,8,3.3
NE,2008,7,3.2
NE,2008,6,3.2
NE,2008,5,3.1
NE,2008,4,3.0
NE,2008,3,3.0
NE,2008,2,2.9
NE,2008,1,2.9
NE,2007,12,3.0
NE,2007,11,3.0
NE,2007,10,3.0
NE,2007,9,3.0
NE,2007,8,3.0
NE,2007,7,3.0
NE,2007,6,2.9
NE,2007,5,2.9
NE,2007,4,2.8
NE,2007,3,2.8
NE,2007,2,2.8
NE,2007,1,2.9
NV,2015,12,6.3
NV,2015,11,6.4
NV,2015,10,6.5
NV,2015,9,6.6
NV,2015,8,6.7
NV,2015,7,6.8
NV,2015,6,6.9
NV,2015,5,7.0
NV,2015,4,7.1
NV,2015,3,7.2
NV,2015,2,7.3
NV,2015,1,7.4
NV,2014,12,7.5
NV,2014,11,7.6
NV,2014,10,7.7
NV,2014,9,7.8
NV,2014,8,7.9
NV,2014,7,8.1
NV,2014,6,8.2
NV,2014,5,8.3
NV,2014,4,8.5
NV,2014,3,8.6
NV,2014,2,8.8
NV,2014,1,8.9
NV,2013,12,9.1
NV,2013,11,9.3
NV,2013,10,9.4
NV,2013,9,9.6
NV,2013,8,9.8
NV,2013,7,9.9
NV,2013,6,10.1
NV,2013,5,10.2
NV,2013,4,10.4
NV,2013,3,10.5
NV,2013,2,10.6
NV,2013,1,10.7
NV,2012,12,10.8
NV,2012,11,10.9
NV,2012,10,11.1
NV,2012,9,11.2
NV,2012,8,11.4
NV,2012,7,11.6
NV,2012,6,11.8
NV,2012,5,11.9
NV,2012,4,12.0
NV,2012,3,12.1
NV,2012,2,12.2
NV,2012,1,12.3
NV,2011,12,12.6
NV,2011,11,12.8
NV,2011,10,13.1
NV,2011,9,13.3
NV,2011,8,13.4
NV,2011,7,13.4
NV,2011,6,13.5
NV,2011,5,13.4
NV,2011,4,13.5
NV,2011,3,13.5
NV,2011,2,13.6
NV,2011,1,13.7
NV,2010,12,13.8
NV,2010,11,13.9
NV,2010,10,13.9
NV,2010,9,13.8
NV,2010,8,13.7
NV,2010,7,13.7
NV,2010,6,13.7
NV,2010,5,13.7
NV,2010,4,13.8
NV,2010,3,13.7
NV,2010,2,13.6
NV,2010,1,13.5
NV,2009,12,13.3
NV,2009,11,13.0
NV,2009,10,12.8
NV,2009,9,12.5
NV,2009,8,12.3
NV,2009,7,12.0
NV,2009,6,11.7
NV,2009,5,11.4
NV,2009,4,11.1
NV,2009,3,10.7
NV,2009,2,10.2
NV,2009,1,9.7
NV,2008,12,9.2
NV,2008,11,8.6
NV,2008,10,8.1
NV,2008,9,7.6
NV,2008,8,7.2
NV,2008,7,6.8
NV,2008,6,6.5
NV,2008,5,6.2
NV,2008,4,5.9
NV,2008,3,5.7
NV,2008,2,5.5
NV,2008,1,5.3
NV,2007,12,5.2
NV,2007,11,5.1
NV,2007,10,5.0
NV,2007,9,4.8
NV,2007,8,4.7
NV,2007,7,4.6
NV,2007,6,4.5
NV,2007,5,4.4
NV,2007,4,4.3
NV,2007,3,4.2
NV,2007,2,4.2
NV,2007,1,4.1
NH,2015,12,3.0
NH,2015,11,3.0
NH,2015,10,3.1
NH,2015,9,3.2
NH,2015,8,3.3
NH,2015,7,3.3
NH,2015,6,3.4
NH,2015,5,3.5
NH,2015,4,3.6
NH,2015,3,3.7
NH,2015,2,3.8
NH,2015,1,3.8
NH,2014,12,3.9
NH,2014,11,4.0
NH,2014,10,4.1
NH,2014,9,4.1
NH,2014,8,4.2
NH,2014,7,4.3
NH,2014,6,4.3
NH,2014,5,4.4
NH,2014,4,4.5
NH,2014,3,4.6
NH,2014,2,4.7
NH,2014,1,4.8
NH,2013,12,4.9
NH,2013,11,5.0
NH,2013,10,5.1
NH,2013,9,5.1
NH,2013,8,5.2
NH,2013,7,5.2
NH,2013,6,5.2
NH,2013,5,5.3
NH,2013,4,5.4
NH,2013,3,5.5
NH,2013,2,5.5
NH,2013,1,5.6
NH,2012,12,5.6
NH,2012,11,5.6
NH,2012,10,5.6
NH,2012,9,5.6
NH,2012,8,5.6
NH,2012,7,5.6
NH,2012,6,5.5
NH,2012,5,5.4
NH,2012,4,5.4
NH,2012,3,5.3
NH,2012,2,5.2
NH,2012,1,5.2
NH,2011,12,5.3
NH,2011,11,5.3
NH,2011,10,5.4
NH,2011,9,5.5
NH,2011,8,5.5
NH,2011,7,5.5
NH,2011,6,5.5
NH,2011,5,5.5
NH,2011,4,5.4
NH,2011,3,5.4
NH,2011,2,5.5
NH,2011,1,5.6
NH,2010,12,5.7
NH,2010,11,5.8
NH,2010,10,5.8
NH,2010,9,5.8
NH,2010,8,5.8
NH,2010,7,5.9
NH,2010,6,6.0
NH,2010,5,6.1
NH,2010,4,6.3
NH,2010,3,6.5
NH,2010,2,6.6
NH,2010,1,6.7
NH,2009,12,6.7
NH,2009,11,6.7
NH,2009,10,6.6
NH,2009,9,6.5
NH,2009,8,6.5
NH,2009,7,6.4
NH,2009,6,6.3
NH,2009,5,6.1
NH,2009,4,5.9
NH,2009,3,5.7
NH,2009,2,5.3
NH,2009,1,5.0
NH,2008,12,4.6
NH,2008,11,4.3
NH,2008,10,4.1
NH,2008,9,3.9
NH,2008,8,3.8
NH,2008,7,3.7
NH,2008,6,3.6
NH,2008,5,3.5
NH,2008,4,3.5
NH,2008,3,3.4
NH,2008,2,3.4
NH,2008,1,3.4
NH,2007,12,3.4
NH,2007,11,3.4
NH,2007,10,3.4
NH,2007,9,3.4
NH,2007,8,3.4
NH,2007,7,3.5
NH,2007,6,3.5
NH,2007,5,3.6
NH,2007,4,3.6
NH,2007,3,3.7
NH,2007,2,3.7
NH,2007,1,3.7
NJ,2015,12,5.0
NJ,2015,11,5.1
NJ,2015,10,5.2
NJ,2015,9,5.3
NJ,2015,8,5.5
NJ,2015,7,5.6
NJ,2015,6,5.8
NJ,2015,5,6.0
NJ,2015,4,6.1
NJ,2015,3,6.2
NJ,2015,2,6.3
NJ,2015,1,6.3
NJ,2014,12,6.4
NJ,2014,11,6.5
NJ,2014,10,6.5
NJ,2014,9,6.6
NJ,2014,8,6.6
NJ,2014,7,6.6
NJ,2014,6,6.7
NJ,2014,5,6.7
NJ,2014,4,6.8
NJ,2014,3,7.0
NJ,2014,2,7.1
NJ,2014,1,7.3
NJ,2013,12,7.5
NJ,2013,11,7.6
NJ,2013,10,7.8
NJ,2013,9,8.0
NJ,2013,8,8.2
NJ,2013,7,8.4
NJ,2013,6,8.5
NJ,2013,5,8.7
NJ,2013,4,8.8
NJ,2013,3,8.9
NJ,2013,2,9.0
NJ,2013,1,9.1
NJ,2012,12,9.2
NJ,2012,11,9.3
NJ,2012,10,9.3
NJ,2012,9,9.4
NJ,2012,8,9.4
NJ,2012,7,9.5
NJ,2012,6,9.5
NJ,2012,5,9.5
NJ,2012,4,9.5
NJ,2012,3,9.4
NJ,2012,2,9.3
NJ,2012,1,9.3
NJ,2011,12,9.3
NJ,2011,11,9.3
NJ,2011,10,9.3
NJ,2011,9,9.3
NJ,2011,8,9.4
NJ,2011,7,9.4
NJ,2011,6,9.4
NJ,2011,5,9.4
NJ,2011,4,9.4
NJ,2011,3,9.4
NJ,2011,2,9.4
NJ,2011,1,9.5
NJ,2010,12,9.5
NJ,2010,11,9.5
NJ,2010,10,9.5
NJ,2010,9,9.5
NJ,2010,8,9.5
NJ,2010,7,9.5
NJ,2010,6,9.6
NJ,2010,5,9.7
NJ,2010,4,9.8
NJ,2010,3,9.9
NJ,2010,2,9.9
NJ,2010,1,10.0
NJ,2009,12,9.9
NJ,2009,11,9.9
NJ,2009,10,9.8
NJ,2009,9,9.6
NJ,2009,8,9.4
NJ,2009,7,9.2
NJ,2009,6,9.0
NJ,2009,5,8.7
NJ,2009,4,8.5
NJ,2009,3,8.1
NJ,2009,2,7.8
NJ,2009,1,7.3
NJ,2008,12,6.9
NJ,2008,11,6.5
NJ,2008,10,6.2
NJ,2008,9,5.9
NJ,2008,8,5.6
NJ,2008,7,5.4
NJ,2008,6,5.2
NJ,2008,5,5.0
NJ,2008,4,4.8
NJ,2008,3,4.7
NJ,2008,2,4.6
NJ,2008,1,4.6
NJ,2007,12,4.5
NJ,2007,11,4.4
NJ,2007,10,4.3
NJ,2007,9,4.3
NJ,2007,8,4.2
NJ,2007,7,4.2
NJ,2007,6,4.1
NJ,2007,5,4.1
NJ,2007,4,4.1
NJ,2007,3,4.1
NJ,2007,2,4.1
NJ,2007,1,4.1
NM,2015,12,6.5
NM,2015,11,6.5
NM,2015,10,6.5
NM,2015,9,6.6
NM,2015,8,6.6
NM,2015,7,6.6
NM,2015,6,6.7
NM,2015,5,6.7
NM,2015,4,6.7
NM,2015,3,6.7
NM,2015,2,6.6
NM,2015,1,6.5
NM,2014,12,6.4
NM,2014,11,6.4
NM,2014,10,6.4
NM,2014,9,6.5
NM,2014,8,6.6
NM,2014,7,6.6
NM,2014,6,6.6
NM,2014,5,6.7
NM,2014,4,6.7
NM,2014,3,6.7
NM,2014,2,6.7
NM,2014,1,6.8
NM,2013,12,6.8
NM,2013,11,6.9
NM,2013,10,6.9
NM,2013,9,6.9
NM,2013,8,6.9
NM,2013,7,6.9
NM,2013,6,6.9
NM,2013,5,6.9
NM,2013,4,6.9
NM,2013,3,6.9
NM,2013,2,7.0
NM,2013,1,7.0
NM,2012,12,7.0
NM,2012,11,7.0
NM,2012,10,6.9
NM,2012,9,6.9
NM,2012,8,6.9
NM,2012,7,6.9
NM,2012,6,6.9
NM,2012,5,7.0
NM,2012,4,7.0
NM,2012,3,7.0
NM,2012,2,7.0
NM,2012,1,7.1
NM,2011,12,7.2
NM,2011,11,7.3
NM,2011,10,7.3
NM,2011,9,7.3
NM,2011,8,7.3
NM,2011,7,7.2
NM,2011,6,7.1
NM,2011,5,7.1
NM,2011,4,7.1
NM,2011,3,7.1
NM,2011,2,7.2
NM,2011,1,7.4
NM,2010,12,7.5
NM,2010,11,7.6
NM,2010,10,7.7
NM,2010,9,7.8
NM,2010,8,7.8
NM,2010,7,7.8
NM,2010,6,7.8
NM,2010,5,7.9
NM,2010,4,7.9
NM,2010,3,7.9
NM,2010,2,7.8
NM,2010,1,7.8
NM,2009,12,7.6
NM,2009,11,7.5
NM,2009,10,7.5
NM,2009,9,7.4
NM,2009,8,7.4
NM,2009,7,7.3
NM,2009,6,7.3
NM,2009,5,7.1
NM,2009,4,6.9
NM,2009,3,6.6
NM,2009,2,6.2
NM,2009,1,5.8
NM,2008,12,5.4
NM,2008,11,5.0
NM,2008,10,4.7
NM,2008,9,4.5
NM,2008,8,4.4
NM,2008,7,4.2
NM,2008,6,4.1
NM,2008,5,4.0
NM,2008,4,3.9
NM,2008,3,3.8
NM,2008,2,3.8
NM,2008,1,3.8
NM,2007,12,3.7
NM,2007,11,3.7
NM,2007,10,3.6
NM,2007,9,3.5
NM,2007,8,3.5
NM,2007,7,3.5
NM,2007,6,3.5
NM,2007,5,3.5
NM,2007,4,3.6
NM,2007,3,3.6
NM,2007,2,3.7
NM,2007,1,3.7
NY,2015,12,4.8
NY,2015,11,4.9
NY,2015,10,4.9
NY,2015,9,4.9
NY,2015,8,5.0
NY,2015,7,5.2
NY,2015,6,5.3
NY,2015,5,5.4
NY,2015,4,5.5
NY,2015,3,5.6
NY,2015,2,5.6
NY,2015,1,5.7
NY,2014,12,5.8
NY,2014,11,5.8
NY,2014,10,5.9
NY,2014,9,6.0
NY,2014,8,6.1
NY,2014,7,6.2
NY,2014,6,6.3
NY,2014,5,6.4
NY,2014,4,6.5
NY,2014,3,6.7
NY,2014,2,6.8
NY,2014,1,7.0
NY,2013,12,7.1
NY,2013,11,7.3
NY,2013,10,7.5
NY,2013,9,7.6
NY,2013,8,7.8
NY,2013,7,7.8
NY,2013,6,7.9
NY,2013,5,7.9
NY,2013,4,8.0
NY,2013,3,8.1
NY,2013,2,8.2
NY,2013,1,8.3
NY,2012,12,8.4
NY,2012,11,8.4
NY,2012,10,8.5
NY,2012,9,8.6
NY,2012,8,8.6
NY,2012,7,8.7
NY,2012,6,8.8
NY,2012,5,8.8
NY,2012,4,8.8
NY,2012,3,8.7
NY,2012,2,8.6
NY,2012,1,8.6
NY,2011,12,8.6
NY,2011,11,8.5
NY,2011,10,8.5
NY,2011,9,8.4
NY,2011,8,8.4
NY,2011,7,8.3
NY,2011,6,8.3
NY,2011,5,8.2
NY,2011,4,8.2
NY,2011,3,8.2
NY,2011,2,8.3
NY,2011,1,8.4
NY,2010,12,8.5
NY,2010,11,8.5
NY,2010,10,8.6
NY,2010,9,8.6
NY,2010,8,8.6
NY,2010,7,8.6
NY,2010,6,8.7
NY,2010,5,8.8
NY,2010,4,8.8
NY,2010,3,8.9
NY,2010,2,9.0
NY,2010,1,9.0
NY,2009,12,9.0
NY,2009,11,9.0
NY,2009,10,8.9
NY,2009,9,8.8
NY,2009,8,8.7
NY,2009,7,8.6
NY,2009,6,8.5
NY,2009,5,8.3
NY,2009,4,8.1
NY,2009,3,7.9
NY,2009,2,7.5
NY,2009,1,7.1
NY,2008,12,6.7
NY,2008,11,6.3
NY,2008,10,6.0
NY,2008,9,5.7
NY,2008,8,5.5
NY,2008,7,5.3
NY,2008,6,5.2
NY,2008,5,5.0
NY,2008,4,4.9
NY,2008,3,4.8
NY,2008,2,4.8
NY,2008,1,4.7
NY,2007,12,4.7
NY,2007,11,4.7
NY,2007,10,4.6
NY,2007,9,4.6
NY,2007,8,4.5
NY,2007,7,4.5
NY,2007,6,4.4
NY,2007,5,4.3
NY,2007,4,4.3
NY,2007,3,4.2
NY,2007,2,4.2
NY,2007,1,4.2
NC,2015,12,5.4
NC,2015,11,5.4
NC,2015,10,5.5
NC,2015,9,5.6
NC,2015,8,5.7
NC,2015,7,5.7
NC,2015,6,5.8
NC,2015,5,5.8
NC,2015,4,5.8
NC,2015,3,5.8
NC,2015,2,5.7
NC,2015,1,5.7
NC,2014,12,5.7
NC,2014,11,5.8
NC,2014,10,5.9
NC,2014,9,6.0
NC,2014,8,6.1
NC,2014,7,6.1
NC,2014,6,6.2
NC,2014,5,6.2
NC,2014,4,6.3
NC,2014,3,6.3
NC,2014,2,6.3
NC,2014,1,6.4
NC,2013,12,6.4
NC,2013,11,6.5
NC,2013,10,6.6
NC,2013,9,6.7
NC,2013,8,7.3
NC,2013,7,7.5
NC,2013,6,7.8
NC,2013,5,8.2
NC,2013,4,8.5
NC,2013,3,8.8
NC,2013,2,9.1
NC,2013,1,9.4
NC,2012,12,9.4
NC,2012,11,9.5
NC,2012,10,9.5
NC,2012,9,9.5
NC,2012,8,9.5
NC,2012,7,9.5
NC,2012,6,9.5
NC,2012,5,9.5
NC,2012,4,9.5
NC,2012,3,9.5
NC,2012,2,9.6
NC,2012,1,9.7
NC,2011,12,9.9
NC,2011,11,10.1
NC,2011,10,10.2
NC,2011,9,10.3
NC,2011,8,10.4
NC,2011,7,10.3
NC,2011,6,10.3
NC,2011,5,10.2
NC,2011,4,10.2
NC,2011,3,10.2
NC,2011,2,10.3
NC,2011,1,10.4
NC,2010,12,10.5
NC,2010,11,10.5
NC,2010,10,10.4
NC,2010,9,10.4
NC,2010,8,10.4
NC,2010,7,10.4
NC,2010,6,10.6
NC,2010,5,10.8
NC,2010,4,11.0
NC,2010,3,11.2
NC,2010,2,11.2
NC,2010,1,11.2
NC,2009,12,11.1
NC,2009,11,11.0
NC,2009,10,10.9
NC,2009,9,10.9
NC,2009,8,11.0
NC,2009,7,11.2
NC,2009,6,11.3
NC,2009,5,11.4
NC,2009,4,11.4
NC,2009,3,11.2
NC,2009,2,10.8
NC,2009,1,10.2
NC,2008,12,9.6
NC,2008,11,8.6
NC,2008,10,6.3
NC,2008,9,6.1
NC,2008,8,6.0
NC,2008,7,5.8
NC,2008,6,5.7
NC,2008,5,5.5
NC,2008,4,5.3
NC,2008,3,5.2
NC,2008,2,5.2
NC,2008,1,5.2
NC,2007,12,5.3
NC,2007,11,5.3
NC,2007,10,5.3
NC,2007,9,5.3
NC,2007,8,5.2
NC,2007,7,5.1
NC,2007,6,5.0
NC,2007,5,4.9
NC,2007,4,4.9
NC,2007,3,4.9
NC,2007,2,4.9
NC,2007,1,5.0
ND,2015,12,3.0
ND,2015,11,2.9
ND,2015,10,2.8
ND,2015,9,2.8
ND,2015,8,2.8
ND,2015,7,2.8
ND,2015,6,2.8
ND,2015,5,2.8
ND,2015,4,2.8
ND,2015,3,2.7
ND,2015,2,2.6
ND,2015,1,2.6
ND,2014,12,2.6
ND,2014,11,2.6
ND,2014,10,2.6
ND,2014,9,2.6
ND,2014,8,2.6
ND,2014,7,2.6
ND,2014,6,2.6
ND,2014,5,2.6
ND,2014,4,2.6
ND,2014,3,2.6
ND,2014,2,2.7
ND,2014,1,2.7
ND,2013,12,2.8
ND,2013,11,2.8
ND,2013,10,2.8
ND,2013,9,2.8
ND,2013,8,2.9
ND,2013,7,2.9
ND,2013,6,2.9
ND,2013,5,2.9
ND,2013,4,2.9
ND,2013,3,3.0
ND,2013,2,3.0
ND,2013,1,3.0
ND,2012,12,3.0
ND,2012,11,3.0
ND,2012,10,3.0
ND,2012,9,2.9
ND,2012,8,2.9
ND,2012,7,2.9
ND,2012,6,2.9
ND,2012,5,2.9
ND,2012,4,2.9
ND,2012,3,2.9
ND,2012,2,2.9
ND,2012,1,3.0
ND,2011,12,3.1
ND,2011,11,3.2
ND,2011,10,3.3
ND,2011,9,3.4
ND,2011,8,3.4
ND,2011,7,3.4
ND,2011,6,3.4
ND,2011,5,3.4
ND,2011,4,3.4
ND,2011,3,3.4
ND,2011,2,3.4
ND,2011,1,3.5
ND,2010,12,3.5
ND,2010,11,3.5
ND,2010,10,3.6
ND,2010,9,3.6
ND,2010,8,3.6
ND,2010,7,3.6
ND,2010,6,3.7
ND,2010,5,3.7
ND,2010,4,3.8
ND,2010,3,3.9
ND,2010,2,3.9
ND,2010,1,3.9
ND,2009,12,3.9
ND,2009,11,3.9
ND,2009,10,3.9
ND,2009,9,3.9
ND,2009,8,3.9
ND,2009,7,3.9
ND,2009,6,3.9
ND,2009,5,4.0
ND,2009,4,4.0
ND,2009,3,4.0
ND,2009,2,3.9
ND,2009,1,3.8
ND,2008,12,3.6
ND,2008,11,3.4
ND,2008,10,3.3
ND,2008,9,3.2
ND,2008,8,3.2
ND,2008,7,3.1
ND,2008,6,3.1
ND,2008,5,3.0
ND,2008,4,2.9
ND,2008,3,2.8
ND,2008,2,2.8
ND,2008,1,2.9
ND,2007,12,3.0
ND,2007,11,3.0
ND,2007,10,3.0
ND,2007,9,3.1
ND,2007,8,3.1
ND,2007,7,3.0
ND,2007,6,3.0
ND,2007,5,3.0
ND,2007,4,3.0
ND,2007,3,3.0
ND,2007,2,3.0
ND,2007,1,3.0
OH,2015,12,4.9
OH,2015,11,4.8
OH,2015,10,4.8
OH,2015,9,4.7
OH,2015,8,4.8
OH,2015,7,4.8
OH,2015,6,4.9
OH,2015,5,5.0
OH,2015,4,5.1
OH,2015,3,5.2
OH,2015,2,5.2
OH,2015,1,5.2
OH,2014,12,5.2
OH,2014,11,5.3
OH,2014,10,5.4
OH,2014,9,5.5
OH,2014,8,5.6
OH,2014,7,5.7
OH,2014,6,5.8
OH,2014,5,5.9
OH,2014,4,6.0
OH,2014,3,6.2
OH,2014,2,6.4
OH,2014,1,6.6
OH,2013,12,6.9
OH,2013,11,7.1
OH,2013,10,7.3
OH,2013,9,7.5
OH,2013,8,7.6
OH,2013,7,7.6
OH,2013,6,7.6
OH,2013,5,7.6
OH,2013,4,7.6
OH,2013,3,7.6
OH,2013,2,7.6
OH,2013,1,7.5
OH,2012,12,7.4
OH,2012,11,7.3
OH,2012,10,7.2
OH,2012,9,7.2
OH,2012,8,7.2
OH,2012,7,7.3
OH,2012,6,7.3
OH,2012,5,7.4
OH,2012,4,7.5
OH,2012,3,7.6
OH,2012,2,7.7
OH,2012,1,7.8
OH,2011,12,8.0
OH,2011,11,8.3
OH,2011,10,8.5
OH,2011,9,8.7
OH,2011,8,8.9
OH,2011,7,9.0
OH,2011,6,9.0
OH,2011,5,9.0
OH,2011,4,9.0
OH,2011,3,9.0
OH,2011,2,9.1
OH,2011,1,9.3
OH,2010,12,9.5
OH,2010,11,9.7
OH,2010,10,9.8
OH,2010,9,9.9
OH,2010,8,9.9
OH,2010,7,10.0
OH,2010,6,10.2
OH,2010,5,10.4
OH,2010,4,10.7
OH,2010,3,10.9
OH,2010,2,11.1
OH,2010,1,11.1
OH,2009,12,11.1
OH,2009,11,10.9
OH,2009,10,10.8
OH,2009,9,10.6
OH,2009,8,10.5
OH,2009,7,10.4
OH,2009,6,10.2
OH,2009,5,10.1
OH,2009,4,9.9
OH,2009,3,9.5
OH,2009,2,9.1
OH,2009,1,8.6
OH,2008,12,8.1
OH,2008,11,7.7
OH,2008,10,7.3
OH,2008,9,7.1
OH,2008,8,6.9
OH,2008,7,6.7
OH,2008,6,6.4
OH,2008,5,6.2
OH,2008,4,5.9
OH,2008,3,5.7
OH,2008,2,5.6
OH,2008,1,5.6
OH,2007,12,5.7
OH,2007,11,5.7
OH,2007,10,5.7
OH,2007,9,5.7
OH,2007,8,5.7
OH,2007,7,5.7
OH,2007,6,5.6
OH,2007,5,5.6
OH,2007,4,5.5
OH,2007,3,5.5
OH,2007,2,5.5
OH,2007,1,5.4
OK,2015,12,4.4
OK,2015,11,4.4
OK,2015,10,4.3
OK,2015,9,4.3
OK,2015,8,4.3
OK,2015,7,4.4
OK,2015,6,4.4
OK,2015,5,4.4
OK,2015,4,4.3
OK,2015,3,4.2
OK,2015,2,4.1
OK,2015,1,4.0
OK,2014,12,4.0
OK,2014,11,4.0
OK,2014,10,4.1
OK,2014,9,4.1
OK,2014,8,4.2
OK,2014,7,4.2
OK,2014,6,4.3
OK,2014,5,4.4
OK,2014,4,4.5
OK,2014,3,4.6
OK,2014,2,4.7
OK,2014,1,4.9
OK,2013,12,5.0
OK,2013,11,5.0
OK,2013,10,5.1
OK,2013,9,5.1
OK,2013,8,5.1
OK,2013,7,5.1
OK,2013,6,5.1
OK,2013,5,5.1
OK,2013,4,5.2
OK,2013,3,5.2
OK,2013,2,5.2
OK,2013,1,5.2
OK,2012,12,5.1
OK,2012,11,5.1
OK,2012,10,5.1
OK,2012,9,5.1
OK,2012,8,5.1
OK,2012,7,5.1
OK,2012,6,5.1
OK,2012,5,5.1
OK,2012,4,5.1
OK,2012,3,5.1
OK,2012,2,5.1
OK,2012,1,5.3
OK,2011,12,5.4
OK,2011,11,5.5
OK,2011,10,5.5
OK,2011,9,5.6
OK,2011,8,5.6
OK,2011,7,5.6
OK,2011,6,5.5
OK,2011,5,5.5
OK,2011,4,5.6
OK,2011,3,5.6
OK,2011,2,5.8
OK,2011,1,5.9
OK,2010,12,6.1
OK,2010,11,6.2
OK,2010,10,6.3
OK,2010,9,6.3
OK,2010,8,6.3
OK,2010,7,6.4
OK,2010,6,6.4
OK,2010,5,6.6
OK,2010,4,6.7
OK,2010,3,6.8
OK,2010,2,6.9
OK,2010,1,7.0
OK,2009,12,7.0
OK,2009,11,7.0
OK,2009,10,6.9
OK,2009,9,6.9
OK,2009,8,6.9
OK,2009,7,6.9
OK,2009,6,6.9
OK,2009,5,6.7
OK,2009,4,6.5
OK,2009,3,6.1
OK,2009,2,5.7
OK,2009,1,5.2
OK,2008,12,4.7
OK,2008,11,4.2
OK,2008,10,3.9
OK,2008,9,3.7
OK,2008,8,3.6
OK,2008,7,3.5
OK,2008,6,3.4
OK,2008,5,3.3
OK,2008,4,3.2
OK,2008,3,3.2
OK,2008,2,3.3
OK,2008,1,3.4
OK,2007,12,3.6
OK,2007,11,3.7
OK,2007,10,3.9
OK,2007,9,3.9
OK,2007,8,4.0
OK,2007,7,4.0
OK,2007,6,4.0
OK,2007,5,4.1
OK,2007,4,4.1
OK,2007,3,4.1
OK,2007,2,4.1
OK,2007,1,4.1
OR,2015,12,5.0
OR,2015,11,5.1
OR,2015,10,5.2
OR,2015,9,5.3
OR,2015,8,5.4
OR,2015,7,5.5
OR,2015,6,5.5
OR,2015,5,5.6
OR,2015,4,5.7
OR,2015,3,5.7
OR,2015,2,5.8
OR,2015,1,5.8
OR,2014,12,6.0
OR,2014,11,6.2
OR,2014,10,6.3
OR,2014,9,6.4
OR,2014,8,6.5
OR,2014,7,6.6
OR,2014,6,6.7
OR,2014,5,6.8
OR,2014,4,6.9
OR,2014,3,7.0
OR,2014,2,7.1
OR,2014,1,7.2
OR,2013,12,7.2
OR,2013,11,7.2
OR,2013,10,7.3
OR,2013,9,7.4
OR,2013,8,7.6
OR,2013,7,7.7
OR,2013,6,7.8
OR,2013,5,7.9
OR,2013,4,8.0
OR,2013,3,8.2
OR,2013,2,8.3
OR,2013,1,8.4
OR,2012,12,8.5
OR,2012,11,8.6
OR,2012,10,8.6
OR,2012,9,8.7
OR,2012,8,8.7
OR,2012,7,8.8
OR,2012,6,8.9
OR,2012,5,8.9
OR,2012,4,8.9
OR,2012,3,9.0
OR,2012,2,9.0
OR,2012,1,9.1
OR,2011,12,9.2
OR,2011,11,9.3
OR,2011,10,9.4
OR,2011,9,9.6
OR,2011,8,9.6
OR,2011,7,9.7
OR,2011,6,9.7
OR,2011,5,9.6
OR,2011,4,9.6
OR,2011,3,9.7
OR,2011,2,9.8
OR,2011,1,10.1
OR,2010,12,10.3
OR,2010,11,10.5
OR,2010,10,10.6
OR,2010,9,10.6
OR,2010,8,10.6
OR,2010,7,10.7
OR,2010,6,10.7
OR,2010,5,10.8
OR,2010,4,10.9
OR,2010,3,10.9
OR,2010,2,10.9
OR,2010,1,10.8
OR,2009,12,10.7
OR,2009,11,10.7
OR,2009,10,10.6
OR,2009,9,10.7
OR,2009,8,10.8
OR,2009,7,11.0
OR,2009,6,11.2
OR,2009,5,11.3
OR,2009,4,11.3
OR,2009,3,11.0
OR,2009,2,10.5
OR,2009,1,9.7
OR,2008,12,8.9
OR,2008,11,8.1
OR,2008,10,7.4
OR,2008,9,6.9
OR,2008,8,6.4
OR,2008,7,6.0
OR,2008,6,5.7
OR,2008,5,5.4
OR,2008,4,5.2
OR,2008,3,5.1
OR,2008,2,5.1
OR,2008,1,5.1
OR,2007,12,5.2
OR,2007,11,5.3
OR,2007,10,5.4
OR,2007,9,5.3
OR,2007,8,5.3
OR,2007,7,5.2
OR,2007,6,5.1
OR,2007,5,5.0
OR,2007,4,5.0
OR,2007,3,5.0
OR,2007,2,5.0
OR,2007,1,5.1
PA,2015,12,5.3
PA,2015,11,5.2
PA,2015,10,5.3
PA,2015,9,5.3
PA,2015,8,5.3
PA,2015,7,5.4
PA,2015,6,5.4
PA,2015,5,5.5
PA,2015,4,5.5
PA,2015,3,5.5
PA,2015,2,5.5
PA,2015,1,5.5
PA,2014,12,5.5
PA,2014,11,5.5
PA,2014,10,5.6
PA,2014,9,5.6
PA,2014,8,5.7
PA,2014,7,5.8
PA,2014,6,6.0
PA,2014,5,6.1
PA,2014,4,6.2
PA,2014,3,6.3
PA,2014,2,6.4
PA,2014,1,6.5
PA,2013,12,6.6
PA,2013,11,6.7
PA,2013,10,6.8
PA,2013,9,6.9
PA,2013,8,7.0
PA,2013,7,7.1
PA,2013,6,7.1
PA,2013,5,7.2
PA,2013,4,7.3
PA,2013,3,7.4
PA,2013,2,7.5
PA,2013,1,7.6
PA,2012,12,7.7
PA,2012,11,7.7
PA,2012,10,7.7
PA,2012,9,7.7
PA,2012,8,7.8
PA,2012,7,7.8
PA,2012,6,7.7
PA,2012,5,7.7
PA,2012,4,7.6
PA,2012,3,7.5
PA,2012,2,7.5
PA,2012,1,7.5
PA,2011,12,7.6
PA,2011,11,7.7
PA,2011,10,7.8
PA,2011,9,7.9
PA,2011,8,7.9
PA,2011,7,7.8
PA,2011,6,7.8
PA,2011,5,7.7
PA,2011,4,7.6
PA,2011,3,7.6
PA,2011,2,7.7
PA,2011,1,7.8
PA,2010,12,7.9
PA,2010,11,7.9
PA,2010,10,8.0
PA,2010,9,8.0
PA,2010,8,8.0
PA,2010,7,8.0
PA,2010,6,8.1
PA,2010,5,8.3
PA,2010,4,8.4
PA,2010,3,8.5
PA,2010,2,8.5
PA,2010,1,8.4
PA,2009,12,8.3
PA,2009,11,8.2
PA,2009,10,8.2
PA,2009,9,8.2
PA,2009,8,8.2
PA,2009,7,8.2
PA,2009,6,8.2
PA,2009,5,8.1
PA,2009,4,8.0
PA,2009,3,7.7
PA,2009,2,7.4
PA,2009,1,7.0
PA,2008,12,6.6
PA,2008,11,6.2
PA,2008,10,5.8
PA,2008,9,5.5
PA,2008,8,5.4
PA,2008,7,5.2
PA,2008,6,5.1
PA,2008,5,5.0
PA,2008,4,4.9
PA,2008,3,4.9
PA,2008,2,4.8
PA,2008,1,4.8
PA,2007,12,4.8
PA,2007,11,4.8
PA,2007,10,4.8
PA,2007,9,4.7
PA,2007,8,4.6
PA,2007,7,4.5
PA,2007,6,4.5
PA,2007,5,4.4
PA,2007,4,4.4
PA,2007,3,4.4
PA,2007,2,4.4
PA,2007,1,4.4
RI,2015,12,5.6
RI,2015,11,5.6
RI,2015,10,5.7
RI,2015,9,5.7
RI,2015,8,5.8
RI,2015,7,5.9
RI,2015,6,6.0
RI,2015,5,6.2
RI,2015,4,6.3
RI,2015,3,6.4
RI,2015,2,6.5
RI,2015,1,6.6
RI,2014,12,6.7
RI,2014,11,6.9
RI,2014,10,7.1
RI,2014,9,7.3
RI,2014,8,7.4
RI,2014,7,7.6
RI,2014,6,7.8
RI,2014,5,8.0
RI,2014,4,8.3
RI,2014,3,8.5
RI,2014,2,8.7
RI,2014,1,8.9
RI,2013,12,9.1
RI,2013,11,9.3
RI,2013,10,9.4
RI,2013,9,9.5
RI,2013,8,9.6
RI,2013,7,9.6
RI,2013,6,9.6
RI,2013,5,9.5
RI,2013,4,9.5
RI,2013,3,9.5
RI,2013,2,9.5
RI,2013,1,9.6
RI,2012,12,9.6
RI,2012,11,9.7
RI,2012,10,9.8
RI,2012,9,10.0
RI,2012,8,10.1
RI,2012,7,10.3
RI,2012,6,10.4
RI,2012,5,10.4
RI,2012,4,10.5
RI,2012,3,10.5
RI,2012,2,10.6
RI,2012,1,10.7
RI,2011,12,10.9
RI,2011,11,11.0
RI,2011,10,11.0
RI,2011,9,11.0
RI,2011,8,11.0
RI,2011,7,11.0
RI,2011,6,11.0
RI,2011,5,11.0
RI,2011,4,11.0
RI,2011,3,11.0
RI,2011,2,11.1
RI,2011,1,11.2
RI,2010,12,11.4
RI,2010,11,11.5
RI,2010,10,11.5
RI,2010,9,11.5
RI,2010,8,11.5
RI,2010,7,11.5
RI,2010,6,11.6
RI,2010,5,11.7
RI,2010,4,11.8
RI,2010,3,11.8
RI,2010,2,11.9
RI,2010,1,11.8
RI,2009,12,11.8
RI,2009,11,11.7
RI,2009,10,11.7
RI,2009,9,11.6
RI,2009,8,11.6
RI,2009,7,11.6
RI,2009,6,11.6
RI,2009,5,11.6
RI,2009,4,11.4
RI,2009,3,11.2
RI,2009,2,10.7
RI,2009,1,10.2
RI,2008,12,9.7
RI,2008,11,9.2
RI,2008,10,8.7
RI,2008,9,8.4
RI,2008,8,8.0
RI,2008,7,7.7
RI,2008,6,7.3
RI,2008,5,7.0
RI,2008,4,6.6
RI,2008,3,6.4
RI,2008,2,6.2
RI,2008,1,6.0
RI,2007,12,5.9
RI,2007,11,5.7
RI,2007,10,5.5
RI,2007,9,5.4
RI,2007,8,5.2
RI,2007,7,5.0
RI,2007,6,4.9
RI,2007,5,4.8
RI,2007,4,4.7
RI,2007,3,4.7
RI,2007,2,4.7
RI,2007,1,4.8
SC,2015,12,5.4
SC,2015,11,5.4
SC,2015,10,5.5
SC,2015,9,5.6
SC,2015,8,5.7
SC,2015,7,5.8
SC,2015,6,6.0
SC,2015,5,6.1
SC,2015,4,6.2
SC,2015,3,6.3
SC,2015,2,6.4
SC,2015,1,6.4
SC,2014,12,6.5
SC,2014,11,6.5
SC,2014,10,6.6
SC,2014,9,6.5
SC,2014,8,6.5
SC,2014,7,6.3
SC,2014,6,6.2
SC,2014,5,6.1
SC,2014,4,6.0
SC,2014,3,6.0
SC,2014,2,6.0
SC,2014,1,6.1
SC,2013,12,6.3
SC,2013,11,6.5
SC,2013,10,6.8
SC,2013,9,7.0
SC,2013,8,7.2
SC,2013,7,7.4
SC,2013,6,7.5
SC,2013,5,7.7
SC,2013,4,7.9
SC,2013,3,8.1
SC,2013,2,8.3
SC,2013,1,8.4
SC,2012,12,8.4
SC,2012,11,8.5
SC,2012,10,8.6
SC,2012,9,8.7
SC,2012,8,8.8
SC,2012,7,9.0
SC,2012,6,9.2
SC,2012,5,9.3
SC,2012,4,9.4
SC,2012,3,9.4
SC,2012,2,9.5
SC,2012,1,9.6
SC,2011,12,9.7
SC,2011,11,9.9
SC,2011,10,10.1
SC,2011,9,10.3
SC,2011,8,10.5
SC,2011,7,10.6
SC,2011,6,10.7
SC,2011,5,10.7
SC,2011,4,10.7
SC,2011,3,10.7
SC,2011,2,10.7
SC,2011,1,10.8
SC,2010,12,10.9
SC,2010,11,10.9
SC,2010,10,11.0
SC,2010,9,11.1
SC,2010,8,11.1
SC,2010,7,11.1
SC,2010,6,11.2
SC,2010,5,11.3
SC,2010,4,11.5
SC,2010,3,11.7
SC,2010,2,11.8
SC,2010,1,12.0
SC,2009,12,12.1
SC,2009,11,12.0
SC,2009,10,12.0
SC,2009,9,11.9
SC,2009,8,11.8
SC,2009,7,11.6
SC,2009,6,11.5
SC,2009,5,11.4
SC,2009,4,11.2
SC,2009,3,10.9
SC,2009,2,10.5
SC,2009,1,10.0
SC,2008,12,9.4
SC,2008,11,8.9
SC,2008,10,8.4
SC,2008,9,8.0
SC,2008,8,7.6
SC,2008,7,7.3
SC,2008,6,6.9
SC,2008,5,6.6
SC,2008,4,6.3
SC,2008,3,6.1
SC,2008,2,6.0
SC,2008,1,6.0
SC,2007,12,5.9
SC,2007,11,6.0
SC,2007,10,6.0
SC,2007,9,6.0
SC,2007,8,6.0
SC,2007,7,5.9
SC,2007,6,6.0
SC,2007,5,6.0
SC,2007,4,6.1
SC,2007,3,6.2
SC,2007,2,6.3
SC,2007,1,6.4
SD,2015,12,2.8
SD,2015,11,2.9
SD,2015,10,2.9
SD,2015,9,3.0
SD,2015,8,3.0
SD,2015,7,3.1
SD,2015,6,3.1
SD,2015,5,3.1
SD,2015,4,3.1
SD,2015,3,3.2
SD,2015,2,3.2
SD,2015,1,3.2
SD,2014,12,3.2
SD,2014,11,3.2
SD,2014,10,3.3
SD,2014,9,3.3
SD,2014,8,3.3
SD,2014,7,3.3
SD,2014,6,3.3
SD,2014,5,3.4
SD,2014,4,3.4
SD,2014,3,3.4
SD,2014,2,3.4
SD,2014,1,3.5
SD,2013,12,3.5
SD,2013,11,3.5
SD,2013,10,3.6
SD,2013,9,3.6
SD,2013,8,3.7
SD,2013,7,3.7
SD,2013,6,3.7
SD,2013,5,3.8
SD,2013,4,3.8
SD,2013,3,3.8
SD,2013,2,3.8
SD,2013,1,3.9
SD,2012,12,3.9
SD,2012,11,3.9
SD,2012,10,4.0
SD,2012,9,4.0
SD,2012,8,4.1
SD,2012,7,4.1
SD,2012,6,4.1
SD,2012,5,4.1
SD,2012,4,4.1
SD,2012,3,4.1
SD,2012,2,4.1
SD,2012,1,4.2
SD,2011,12,4.2
SD,2011,11,4.3
SD,2011,10,4.4
SD,2011,9,4.4
SD,2011,8,4.5
SD,2011,7,4.5
SD,2011,6,4.6
SD,2011,5,4.7
SD,2011,4,4.8
SD,2011,3,4.9
SD,2011,2,4.9
SD,2011,1,5.0
SD,2010,12,5.0
SD,2010,11,5.0
SD,2010,10,4.9
SD,2010,9,4.9
SD,2010,8,4.9
SD,2010,7,4.9
SD,2010,6,4.9
SD,2010,5,4.9
SD,2010,4,4.9
SD,2010,3,4.9
SD,2010,2,4.9
SD,2010,1,4.8
SD,2009,12,4.8
SD,2009,11,4.7
SD,2009,10,4.6
SD,2009,9,4.6
SD,2009,8,4.6
SD,2009,7,4.6
SD,2009,6,4.7
SD,2009,5,4.7
SD,2009,4,4.7
SD,2009,3,4.5
SD,2009,2,4.4
SD,2009,1,4.1
SD,2008,12,3.9
SD,2008,11,3.7
SD,2008,10,3.5
SD,2008,9,3.4
SD,2008,8,3.2
SD,2008,7,3.1
SD,2008,6,2.9
SD,2008,5,2.8
SD,2008,4,2.7
SD,2008,3,2.6
SD,2008,2,2.6
SD,2008,1,2.6
SD,2007,12,2.7
SD,2007,11,2.8
SD,2007,10,2.8
SD,2007,9,2.9
SD,2007,8,2.9
SD,2007,7,2.8
SD,2007,6,2.8
SD,2007,5,2.8
SD,2007,4,2.8
SD,2007,3,2.8
SD,2007,2,2.9
SD,2007,1,2.9
TN,2015,12,4.9
TN,2015,11,5.0
TN,2015,10,5.1
TN,2015,9,5.3
TN,2015,8,5.4
TN,2015,7,5.5
TN,2015,6,5.7
TN,2015,5,5.8
TN,2015,4,5.9
TN,2015,3,6.0
TN,2015,2,6.1
TN,2015,1,6.1
TN,2014,12,6.2
TN,2014,11,6.3
TN,2014,10,6.4
TN,2014,9,6.5
TN,2014,8,6.6
TN,2014,7,6.6
TN,2014,6,6.7
TN,2014,5,6.7
TN,2014,4,6.7
TN,2014,3,6.8
TN,2014,2,6.8
TN,2014,1,6.9
TN,2013,12,7.1
TN,2013,11,7.3
TN,2013,10,7.4
TN,2013,9,7.6
TN,2013,8,7.7
TN,2013,7,7.8
TN,2013,6,7.9
TN,2013,5,7.9
TN,2013,4,8.0
TN,2013,3,8.0
TN,2013,2,8.0
TN,2013,1,8.0
TN,2012,12,7.9
TN,2012,11,7.8
TN,2012,10,7.8
TN,2012,9,7.8
TN,2012,8,7.9
TN,2012,7,8.0
TN,2012,6,8.0
TN,2012,5,8.0
TN,2012,4,8.0
TN,2012,3,8.0
TN,2012,2,8.1
TN,2012,1,8.2
TN,2011,12,8.4
TN,2011,11,8.6
TN,2011,10,8.8
TN,2011,9,8.9
TN,2011,8,9.1
TN,2011,7,9.2
TN,2011,6,9.2
TN,2011,5,9.3
TN,2011,4,9.3
TN,2011,3,9.4
TN,2011,2,9.5
TN,2011,1,9.6
TN,2010,12,9.6
TN,2010,11,9.7
TN,2010,10,9.6
TN,2010,9,9.5
TN,2010,8,9.5
TN,2010,7,9.5
TN,2010,6,9.6
TN,2010,5,9.8
TN,2010,4,10.0
TN,2010,3,10.2
TN,2010,2,10.4
TN,2010,1,10.5
TN,2009,12,10.5
TN,2009,11,10.5
TN,2009,10,10.5
TN,2009,9,10.5
TN,2009,8,10.5
TN,2009,7,10.5
TN,2009,6,10.4
TN,2009,5,10.3
TN,2009,4,10.1
TN,2009,3,9.7
TN,2009,2,9.2
TN,2009,1,8.7
TN,2008,12,8.2
TN,2008,11,7.7
TN,2008,10,7.3
TN,2008,9,7.0
TN,2008,8,6.8
TN,2008,7,6.6
TN,2008,6,6.4
TN,2008,5,6.1
TN,2008,4,5.8
TN,2008,3,5.6
TN,2008,2,5.4
TN,2008,1,5.3
TN,2007,12,5.2
TN,2007,11,5.1
TN,2007,10,5.0
TN,2007,9,4.8
TN,2007,8,4.6
TN,2007,7,4.5
TN,2007,6,4.3
TN,2007,5,4.3
TN,2007,4,4.3
TN,2007,3,4.4
TN,2007,2,4.5
TN,2007,1,4.6
TX,2015,12,4.5
TX,2015,11,4.5
TX,2015,10,4.5
TX,2015,9,4.5
TX,2015,8,4.5
TX,2015,7,4.4
TX,2015,6,4.4
TX,2015,5,4.4
TX,2015,4,4.5
TX,2015,3,4.5
TX,2015,2,4.5
TX,2015,1,4.6
TX,2014,12,4.6
TX,2014,11,4.8
TX,2014,10,4.9
TX,2014,9,5.0
TX,2014,8,5.1
TX,2014,7,5.2
TX,2014,6,5.2
TX,2014,5,5.3
TX,2014,4,5.4
TX,2014,3,5.5
TX,2014,2,5.6
TX,2014,1,5.7
TX,2013,12,5.8
TX,2013,11,6.0
TX,2013,10,6.1
TX,2013,9,6.2
TX,2013,8,6.3
TX,2013,7,6.3
TX,2013,6,6.4
TX,2013,5,6.4
TX,2013,4,6.5
TX,2013,3,6.5
TX,2013,2,6.6
TX,2013,1,6.5
TX,2012,12,6.5
TX,2012,11,6.5
TX,2012,10,6.5
TX,2012,9,6.5
TX,2012,8,6.6
TX,2012,7,6.7
TX,2012,6,6.8
TX,2012,5,6.8
TX,2012,4,6.8
TX,2012,3,6.7
TX,2012,2,7.0
TX,2012,1,7.1
TX,2011,12,7.3
TX,2011,11,7.5
TX,2011,10,7.8
TX,2011,9,8.0
TX,2011,8,8.2
TX,2011,7,8.3
TX,2011,6,8.3
TX,2011,5,8.2
TX,2011,4,8.1
TX,2011,3,8.1
TX,2011,2,8.2
TX,2011,1,8.2
TX,2010,12,8.2
TX,2010,11,8.2
TX,2010,10,8.2
TX,2010,9,8.1
TX,2010,8,8.1
TX,2010,7,8.1
TX,2010,6,8.1
TX,2010,5,8.2
TX,2010,4,8.2
TX,2010,3,8.3
TX,2010,2,8.3
TX,2010,1,8.3
TX,2009,12,8.3
TX,2009,11,8.3
TX,2009,10,8.3
TX,2009,9,8.3
TX,2009,8,8.3
TX,2009,7,8.2
TX,2009,6,8.0
TX,2009,5,7.5
TX,2009,4,6.5
TX,2009,3,6.4
TX,2009,2,6.3
TX,2009,1,6.1
TX,2008,12,5.9
TX,2008,11,5.6
TX,2008,10,5.4
TX,2008,9,5.2
TX,2008,8,5.0
TX,2008,7,4.8
TX,2008,6,4.7
TX,2008,5,4.5
TX,2008,4,4.4
TX,2008,3,4.3
TX,2008,2,4.3
TX,2008,1,4.3
TX,2007,12,4.4
TX,2007,11,4.4
TX,2007,10,4.4
TX,2007,9,4.4
TX,2007,8,4.3
TX,2007,7,4.3
TX,2007,6,4.3
TX,2007,5,4.3
TX,2007,4,4.3
TX,2007,3,4.4
TX,2007,2,4.4
TX,2007,1,4.5
UT,2015,12,3.5
UT,2015,11,3.5
UT,2015,10,3.5
UT,2015,9,3.5
UT,2015,8,3.5
UT,2015,7,3.5
UT,2015,6,3.5
UT,2015,5,3.5
UT,2015,4,3.5
UT,2015,3,3.5
UT,2015,2,3.5
UT,2015,1,3.6
UT,2014,12,3.6
UT,2014,11,3.6
UT,2014,10,3.6
UT,2014,9,3.6
UT,2014,8,3.6
UT,2014,7,3.6
UT,2014,6,3.6
UT,2014,5,3.6
UT,2014,4,3.6
UT,2014,3,3.7
UT,2014,2,3.7
UT,2014,1,3.8
UT,2013,12,3.9
UT,2013,11,4.0
UT,2013,10,4.0
UT,2013,9,4.1
UT,2013,8,4.2
UT,2013,7,4.2
UT,2013,6,4.2
UT,2013,5,4.3
UT,2013,4,4.3
UT,2013,3,4.4
UT,2013,2,4.4
UT,2013,1,4.5
UT,2012,12,4.6
UT,2012,11,4.6
UT,2012,10,4.6
UT,2012,9,4.7
UT,2012,8,4.7
UT,2012,7,4.8
UT,2012,6,4.8
UT,2012,5,4.9
UT,2012,4,4.8
UT,2012,3,4.8
UT,2012,2,4.7
UT,2012,1,5.3
UT,2011,12,5.4
UT,2011,11,5.8
UT,2011,10,6.2
UT,2011,9,6.6
UT,2011,8,7.0
UT,2011,7,7.4
UT,2011,6,7.7
UT,2011,5,7.7
UT,2011,4,7.7
UT,2011,3,7.7
UT,2011,2,7.7
UT,2011,1,7.8
UT,2010,12,7.8
UT,2010,11,7.9
UT,2010,10,7.9
UT,2010,9,7.9
UT,2010,8,7.9
UT,2010,7,7.9
UT,2010,6,7.9
UT,2010,5,8.0
UT,2010,4,8.0
UT,2010,3,8.0
UT,2010,2,8.0
UT,2010,1,8.0
UT,2009,12,7.9
UT,2009,11,7.9
UT,2009,10,7.8
UT,2009,9,7.7
UT,2009,8,7.6
UT,2009,7,7.4
UT,2009,6,7.3
UT,2009,5,7.1
UT,2009,4,7.0
UT,2009,3,6.8
UT,2009,2,6.5
UT,2009,1,6.1
UT,2008,12,5.2
UT,2008,11,3.6
UT,2008,10,3.5
UT,2008,9,3.4
UT,2008,8,3.3
UT,2008,7,3.2
UT,2008,6,3.2
UT,2008,5,3.1
UT,2008,4,3.0
UT,2008,3,2.9
UT,2008,2,2.9
UT,2008,1,2.8
UT,2007,12,2.8
UT,2007,11,2.8
UT,2007,10,2.7
UT,2007,9,2.6
UT,2007,8,2.6
UT,2007,7,2.6
UT,2007,6,2.5
UT,2007,5,2.5
UT,2007,4,2.4
UT,2007,3,2.4
UT,2007,2,2.4
UT,2007,1,2.4
VT,2015,12,3.3
VT,2015,11,3.4
VT,2015,10,3.4
VT,2015,9,3.4
VT,2015,8,3.5
VT,2015,7,3.5
VT,2015,6,3.5
VT,2015,5,3.6
VT,2015,4,3.6
VT,2015,3,3.7
VT,2015,2,3.7
VT,2015,1,3.8
VT,2014,12,3.9
VT,2014,11,3.9
VT,2014,10,4.0
VT,2014,9,4.0
VT,2014,8,4.0
VT,2014,7,4.0
VT,2014,6,4.0
VT,2014,5,4.0
VT,2014,4,4.0
VT,2014,3,4.0
VT,2014,2,4.0
VT,2014,1,4.1
VT,2013,12,4.1
VT,2013,11,4.2
VT,2013,10,4.3
VT,2013,9,4.3
VT,2013,8,4.4
VT,2013,7,4.4
VT,2013,6,4.5
VT,2013,5,4.5
VT,2013,4,4.5
VT,2013,3,4.6
VT,2013,2,4.6
VT,2013,1,4.6
VT,2012,12,4.6
VT,2012,11,4.7
VT,2012,10,4.7
VT,2012,9,4.8
VT,2012,8,4.8
VT,2012,7,4.9
VT,2012,6,4.9
VT,2012,5,4.9
VT,2012,4,4.9
VT,2012,3,4.8
VT,2012,2,4.9
VT,2012,1,4.9
VT,2011,12,5.0
VT,2011,11,5.1
VT,2011,10,5.2
VT,2011,9,5.4
VT,2011,8,5.5
VT,2011,7,5.6
VT,2011,6,5.7
VT,2011,5,5.7
VT,2011,4,5.8
VT,2011,3,5.9
VT,2011,2,5.9
VT,2011,1,6.0
VT,2010,12,6.1
VT,2010,11,6.1
VT,2010,10,6.1
VT,2010,9,6.1
VT,2010,8,6.1
VT,2010,7,6.2
VT,2010,6,6.3
VT,2010,5,6.4
VT,2010,4,6.5
VT,2010,3,6.6
VT,2010,2,6.6
VT,2010,1,6.7
VT,2009,12,6.6
VT,2009,11,6.5
VT,2009,10,6.5
VT,2009,9,6.4
VT,2009,8,6.3
VT,2009,7,6.2
VT,2009,6,6.2
VT,2009,5,6.1
VT,2009,4,6.1
VT,2009,3,5.9
VT,2009,2,5.7
VT,2009,1,5.5
VT,2008,12,5.3
VT,2008,11,5.1
VT,2008,10,4.9
VT,2008,9,4.8
VT,2008,8,4.7
VT,2008,7,4.6
VT,2008,6,4.5
VT,2008,5,4.4
VT,2008,4,4.2
VT,2008,3,4.2
VT,2008,2,4.1
VT,2008,1,4.0
VT,2007,12,4.0
VT,2007,11,4.0
VT,2007,10,4.0
VT,2007,9,4.0
VT,2007,8,4.0
VT,2007,7,3.9
VT,2007,6,3.9
VT,2007,5,3.9
VT,2007,4,3.9
VT,2007,3,3.9
VT,2007,2,3.9
VT,2007,1,3.9
VA,2015,12,4.0
VA,2015,11,4.0
VA,2015,10,4.1
VA,2015,9,4.1
VA,2015,8,4.2
VA,2015,7,4.3
VA,2015,6,4.4
VA,2015,5,4.5
VA,2015,4,4.6
VA,2015,3,4.7
VA,2015,2,4.7
VA,2015,1,4.8
VA,2014,12,4.8
VA,2014,11,4.9
VA,2014,10,4.9
VA,2014,9,5.0
VA,2014,8,5.1
VA,2014,7,5.1
VA,2014,6,5.2
VA,2014,5,5.2
VA,2014,4,5.3
VA,2014,3,5.3
VA,2014,2,5.3
VA,2014,1,5.3
VA,2013,12,5.4
VA,2013,11,5.4
VA,2013,10,5.5
VA,2013,9,5.5
VA,2013,8,5.6
VA,2013,7,5.6
VA,2013,6,5.6
VA,2013,5,5.6
VA,2013,4,5.6
VA,2013,3,5.6
VA,2013,2,5.6
VA,2013,1,5.6
VA,2012,12,5.7
VA,2012,11,5.7
VA,2012,10,5.7
VA,2012,9,5.8
VA,2012,8,5.9
VA,2012,7,5.9
VA,2012,6,6.0
VA,2012,5,6.1
VA,2012,4,6.1
VA,2012,3,6.1
VA,2012,2,6.2
VA,2012,1,6.2
VA,2011,12,6.3
VA,2011,11,6.4
VA,2011,10,6.5
VA,2011,9,6.6
VA,2011,8,6.6
VA,2011,7,6.6
VA,2011,6,6.6
VA,2011,5,6.5
VA,2011,4,6.5
VA,2011,3,6.6
VA,2011,2,6.6
VA,2011,1,6.7
VA,2010,12,6.9
VA,2010,11,7.0
VA,2010,10,7.1
VA,2010,9,7.1
VA,2010,8,7.2
VA,2010,7,7.2
VA,2010,6,7.3
VA,2010,5,7.4
VA,2010,4,7.5
VA,2010,3,7.6
VA,2010,2,7.6
VA,2010,1,7.6
VA,2009,12,7.5
VA,2009,11,7.4
VA,2009,10,7.3
VA,2009,9,7.2
VA,2009,8,7.1
VA,2009,7,7.0
VA,2009,6,6.9
VA,2009,5,6.8
VA,2009,4,6.6
VA,2009,3,6.4
VA,2009,2,6.1
VA,2009,1,5.7
VA,2008,12,5.4
VA,2008,11,5.0
VA,2008,10,4.7
VA,2008,9,4.5
VA,2008,8,4.4
VA,2008,7,4.3
VA,2008,6,4.1
VA,2008,5,4.0
VA,2008,4,3.9
VA,2008,3,3.7
VA,2008,2,3.7
VA,2008,1,3.6
VA,2007,12,3.6
VA,2007,11,3.5
VA,2007,10,3.5
VA,2007,9,3.4
VA,2007,8,3.3
VA,2007,7,3.2
VA,2007,6,3.2
VA,2007,5,3.1
VA,2007,4,3.1
VA,2007,3,3.1
VA,2007,2,3.2
VA,2007,1,3.2
WA,2015,12,5.4
WA,2015,11,5.4
WA,2015,10,5.4
WA,2015,9,5.4
WA,2015,8,5.4
WA,2015,7,5.4
WA,2015,6,5.4
WA,2015,5,5.4
WA,2015,4,5.4
WA,2015,3,5.5
WA,2015,2,5.5
WA,2015,1,5.6
WA,2014,12,5.7
WA,2014,11,5.7
WA,2014,10,5.8
WA,2014,9,5.8
WA,2014,8,5.9
WA,2014,7,5.9
WA,2014,6,5.9
WA,2014,5,6.0
WA,2014,4,6.0
WA,2014,3,6.1
WA,2014,2,6.1
WA,2014,1,6.2
WA,2013,12,6.3
WA,2013,11,6.4
WA,2013,10,6.5
WA,2013,9,6.6
WA,2013,8,6.7
WA,2013,7,6.7
WA,2013,6,6.7
WA,2013,5,6.7
WA,2013,4,6.7
WA,2013,3,6.7
WA,2013,2,6.7
WA,2013,1,6.9
WA,2012,12,6.9
WA,2012,11,7.1
WA,2012,10,7.2
WA,2012,9,7.4
WA,2012,8,7.6
WA,2012,7,7.8
WA,2012,6,8.0
WA,2012,5,8.0
WA,2012,4,7.9
WA,2012,3,7.9
WA,2012,2,7.9
WA,2012,1,8.0
WA,2011,12,8.0
WA,2011,11,8.1
WA,2011,10,8.3
WA,2011,9,8.4
WA,2011,8,8.5
WA,2011,7,8.6
WA,2011,6,8.6
WA,2011,5,8.6
WA,2011,4,8.7
WA,2011,3,8.8
WA,2011,2,8.8
WA,2011,1,8.9
WA,2010,12,9.0
WA,2010,11,9.1
WA,2010,10,9.1
WA,2010,9,9.1
WA,2010,8,9.1
WA,2010,7,9.0
WA,2010,6,9.0
WA,2010,5,9.1
WA,2010,4,9.2
WA,2010,3,9.3
WA,2010,2,9.3
WA,2010,1,9.3
WA,2009,12,9.2
WA,2009,11,9.1
WA,2009,10,9.0
WA,2009,9,9.0
WA,2009,8,8.7
WA,2009,7,8.5
WA,2009,6,8.3
WA,2009,5,8.1
WA,2009,4,7.8
WA,2009,3,7.5
WA,2009,2,7.2
WA,2009,1,6.8
WA,2008,12,6.4
WA,2008,11,6.1
WA,2008,10,5.8
WA,2008,9,5.6
WA,2008,8,5.4
WA,2008,7,5.3
WA,2008,6,5.2
WA,2008,5,5.0
WA,2008,4,4.8
WA,2008,3,4.7
WA,2008,2,4.6
WA,2008,1,4.6
WA,2007,12,4.6
WA,2007,11,4.7
WA,2007,10,4.7
WA,2007,9,4.7
WA,2007,8,4.6
WA,2007,7,4.6
WA,2007,6,4.5
WA,2007,5,4.5
WA,2007,4,4.5
WA,2007,3,4.5
WA,2007,2,4.6
WA,2007,1,4.7
WV,2015,12,6.4
WV,2015,11,6.4
WV,2015,10,6.4
WV,2015,9,6.5
WV,2015,8,6.6
WV,2015,7,6.7
WV,2015,6,6.8
WV,2015,5,6.8
WV,2015,4,6.8
WV,2015,3,6.7
WV,2015,2,6.5
WV,2015,1,6.4
WV,2014,12,6.4
WV,2014,11,6.3
WV,2014,10,6.4
WV,2014,9,6.4
WV,2014,8,6.4
WV,2014,7,6.4
WV,2014,6,6.5
WV,2014,5,6.5
WV,2014,4,6.6
WV,2014,3,6.7
WV,2014,2,6.7
WV,2014,1,6.7
WV,2013,12,6.7
WV,2013,11,6.7
WV,2013,10,6.7
WV,2013,9,6.6
WV,2013,8,6.6
WV,2013,7,6.6
WV,2013,6,6.6
WV,2013,5,6.6
WV,2013,4,6.7
WV,2013,3,6.8
WV,2013,2,6.9
WV,2013,1,7.1
WV,2012,12,7.2
WV,2012,11,7.3
WV,2012,10,7.3
WV,2012,9,7.4
WV,2012,8,7.4
WV,2012,7,7.4
WV,2012,6,7.4
WV,2012,5,7.3
WV,2012,4,7.2
WV,2012,3,7.1
WV,2012,2,7.0
WV,2012,1,7.1
WV,2011,12,7.2
WV,2011,11,7.4
WV,2011,10,7.5
WV,2011,9,7.7
WV,2011,8,7.8
WV,2011,7,7.8
WV,2011,6,7.8
WV,2011,5,7.9
WV,2011,4,8.0
WV,2011,3,8.1
WV,2011,2,8.3
WV,2011,1,8.4
WV,2010,12,8.5
WV,2010,11,8.6
WV,2010,10,8.6
WV,2010,9,8.6
WV,2010,8,8.5
WV,2010,7,8.4
WV,2010,6,8.5
WV,2010,5,8.5
WV,2010,4,8.7
WV,2010,3,8.8
WV,2010,2,8.9
WV,2010,1,9.0
WV,2009,12,8.9
WV,2009,11,8.9
WV,2009,10,8.8
WV,2009,9,8.8
WV,2009,8,8.8
WV,2009,7,8.8
WV,2009,6,8.7
WV,2009,5,8.5
WV,2009,4,8.1
WV,2009,3,7.7
WV,2009,2,7.1
WV,2009,1,6.5
WV,2008,12,5.9
WV,2008,11,5.4
WV,2008,10,5.0
WV,2008,9,4.7
WV,2008,8,4.5
WV,2008,7,4.5
WV,2008,6,4.4
WV,2008,5,4.4
WV,2008,4,4.4
WV,2008,3,4.5
WV,2008,2,4.6
WV,2008,1,4.7
WV,2007,12,4.8
WV,2007,11,4.8
WV,2007,10,4.9
WV,2007,9,4.9
WV,2007,8,4.8
WV,2007,7,4.8
WV,2007,6,4.7
WV,2007,5,4.7
WV,2007,4,4.8
WV,2007,3,4.8
WV,2007,2,4.9
WV,2007,1,5.0
WI,2015,12,4.2
WI,2015,11,4.2
WI,2015,10,4.2
WI,2015,9,4.3
WI,2015,8,4.3
WI,2015,7,4.4
WI,2015,6,4.4
WI,2015,5,4.5
WI,2015,4,4.6
WI,2015,3,4.6
WI,2015,2,4.7
WI,2015,1,4.7
WI,2014,12,4.8
WI,2014,11,4.9
WI,2014,10,5.0
WI,2014,9,5.0
WI,2014,8,5.1
WI,2014,7,5.3
WI,2014,6,5.4
WI,2014,5,5.5
WI,2014,4,5.6
WI,2014,3,5.7
WI,2014,2,5.9
WI,2014,1,6.0
WI,2013,12,6.1
WI,2013,11,6.3
WI,2013,10,6.4
WI,2013,9,6.5
WI,2013,8,6.6
WI,2013,7,6.7
WI,2013,6,6.7
WI,2013,5,6.8
WI,2013,4,6.9
WI,2013,3,6.9
WI,2013,2,6.9
WI,2013,1,6.9
WI,2012,12,6.9
WI,2012,11,6.8
WI,2012,10,6.8
WI,2012,9,6.9
WI,2012,8,6.9
WI,2012,7,7.0
WI,2012,6,7.0
WI,2012,5,7.0
WI,2012,4,7.0
WI,2012,3,6.9
WI,2012,2,6.9
WI,2012,1,7.0
WI,2011,12,7.1
WI,2011,11,7.3
WI,2011,10,7.4
WI,2011,9,7.5
WI,2011,8,7.6
WI,2011,7,7.6
WI,2011,6,7.6
WI,2011,5,7.6
WI,2011,4,7.6
WI,2011,3,7.6
WI,2011,2,7.7
WI,2011,1,7.8
WI,2010,12,7.9
WI,2010,11,8.0
WI,2010,10,8.1
WI,2010,9,8.2
WI,2010,8,8.2
WI,2010,7,8.3
WI,2010,6,8.4
WI,2010,5,8.6
WI,2010,4,8.8
WI,2010,3,9.0
WI,2010,2,9.2
WI,2010,1,9.3
WI,2009,12,9.3
WI,2009,11,9.3
WI,2009,10,9.2
WI,2009,9,9.3
WI,2009,8,9.3
WI,2009,7,9.3
WI,2009,6,9.4
WI,2009,5,9.3
WI,2009,4,9.0
WI,2009,3,8.6
WI,2009,2,8.1
WI,2009,1,7.4
WI,2008,12,6.7
WI,2008,11,6.1
WI,2008,10,5.6
WI,2008,9,5.2
WI,2008,8,4.9
WI,2008,7,4.7
WI,2008,6,4.6
WI,2008,5,4.4
WI,2008,4,4.4
WI,2008,3,4.3
WI,2008,2,4.4
WI,2008,1,4.5
WI,2007,12,4.7
WI,2007,11,4.8
WI,2007,10,4.9
WI,2007,9,4.9
WI,2007,8,4.9
WI,2007,7,4.9
WI,2007,6,4.8
WI,2007,5,4.8
WI,2007,4,4.8
WI,2007,3,4.8
WI,2007,2,4.8
WI,2007,1,4.8
WY,2015,12,4.7
WY,2015,11,4.5
WY,2015,10,4.3
WY,2015,9,4.3
WY,2015,8,4.2
WY,2015,7,4.2
WY,2015,6,4.2
WY,2015,5,4.2
WY,2015,4,4.1
WY,2015,3,4.0
WY,2015,2,3.9
WY,2015,1,3.9
WY,2014,12,4.0
WY,2014,11,4.1
WY,2014,10,4.3
WY,2014,9,4.4
WY,2014,8,4.4
WY,2014,7,4.4
WY,2014,6,4.4
WY,2014,5,4.4
WY,2014,4,4.4
WY,2014,3,4.4
WY,2014,2,4.4
WY,2014,1,4.5
WY,2013,12,4.6
WY,2013,11,4.6
WY,2013,10,4.6
WY,2013,9,4.6
WY,2013,8,4.6
WY,2013,7,4.6
WY,2013,6,4.7
WY,2013,5,4.7
WY,2013,4,4.8
WY,2013,3,4.9
WY,2013,2,5.0
WY,2013,1,5.1
WY,2012,12,5.2
WY,2012,11,5.2
WY,2012,10,5.3
WY,2012,9,5.4
WY,2012,8,5.5
WY,2012,7,5.5
WY,2012,6,5.6
WY,2012,5,5.6
WY,2012,4,5.6
WY,2012,3,5.6
WY,2012,2,5.7
WY,2012,1,5.8
WY,2011,12,5.9
WY,2011,11,6.0
WY,2011,10,6.0
WY,2011,9,6.0
WY,2011,8,6.0
WY,2011,7,6.0
WY,2011,6,6.0
WY,2011,5,6.1
WY,2011,4,6.2
WY,2011,3,6.3
WY,2011,2,6.5
WY,2011,1,6.6
WY,2010,12,6.6
WY,2010,11,6.6
WY,2010,10,6.6
WY,2010,9,6.6
WY,2010,8,6.6
WY,2010,7,6.6
WY,2010,6,6.8
WY,2010,5,7.0
WY,2010,4,7.2
WY,2010,3,7.5
WY,2010,2,7.6
WY,2010,1,7.6
WY,2009,12,7.5
WY,2009,11,7.3
WY,2009,10,7.1
WY,2009,9,6.8
WY,2009,8,6.7
WY,2009,7,6.6
WY,2009,6,6.5
WY,2009,5,6.3
WY,2009,4,5.9
WY,2009,3,5.4
WY,2009,2,4.8
WY,2009,1,4.2
WY,2008,12,3.7
WY,2008,11,3.4
WY,2008,10,3.2
WY,2008,9,3.1
WY,2008,8,3.0
WY,2008,7,2.9
WY,2008,6,2.8
WY,2008,5,2.7
WY,2008,4,2.6
WY,2008,3,2.6
WY,2008,2,2.6
WY,2008,1,2.6
WY,2007,12,2.6
WY,2007,11,2.7
WY,2007,10,2.7
WY,2007,9,2.8
WY,2007,8,2.8
WY,2007,7,2.8
WY,2007,6,2.7
WY,2007,5,2.7
WY,2007,4,2.6
WY,2007,3,2.6
WY,2007,2,2.6
WY,2007,1,2.7
